PAYMENT,2,1,214.8500061,438.480011,Late delivery,1,62,Cameras,Wichita,EE. UU.,XXXXXXXXX,Remedios,17895,Ewing,XXXXXXXXX,Home Office,KS,5593 Red Byway,67212,10,Technology,37.69120026,-97.42577362,Pacific Asia,Singapur,Singapur,17895,2017-12-21T04:57:00.000+07:00,74342,1349,13.56000042,0.029999999,177657,452.0400085,0.49000001,1,452.0400085,438.480011,214.8500061,Southeast Asia,Singapur,PENDING_PAYMENT,,1349,62,,http://images.acmesports.sports/Web+Camera,Web Camera,452.0400085,0,12/23/2017 4:57,First Class
PAYMENT,2,1,15.72000027,56.13000107,Late delivery,1,60,Baby,Hanover,EE. UU.,XXXXXXXXX,Marah,17735,Vasquez,XXXXXXXXX,Home Office,PA,8679 Dusty Creek Place,17331,4,Apparel,39.79858017,-77.03074646,Pacific Asia,Malang,Indonesia,17735,2017-12-18T20:54:00.000+07:00,74182,1347,2.950000048,0.050000001,177497,59.08000183,0.280000001,1,59.08000183,56.13000107,15.72000027,Southeast Asia,Java Oriental,PENDING_PAYMENT,,1347,60,,http://images.acmesports.sports/Baby+sweater,Baby sweater,59.08000183,0,12/20/2017 20:54,First Class
PAYMENT,2,1,90.33999634,196.3999939,Late delivery,1,76,Women's Clothing,Antioch,EE. UU.,XXXXXXXXX,Aimee,17355,Dawson,XXXXXXXXX,Home Office,CA,466 Stony Arbor,94509,4,Apparel,38.00168991,-121.8279724,Pacific Asia,Manila,Filipinas,17355,2017-12-13T07:46:00.000+07:00,73802,1363,19.42000008,0.090000004,177117,215.8200073,0.460000008,1,215.8200073,196.3999939,90.33999634,Southeast Asia,Capital Nacional,PENDING_PAYMENT,,1363,76,,http://images.acmesports.sports/Summer+dresses,Summer dresses,215.8200073,0,12/15/2017 7:46,First Class
PAYMENT,2,1,4.349999905,24.86000061,Late delivery,1,59,Books,Philadelphia,EE. UU.,XXXXXXXXX,Rachel,17543,Mccormick,XXXXXXXXX,Home Office,PA,229 Dewy Road,19144,8,Book Shop,40.03124619,-75.18191528,Pacific Asia,Manila,Filipinas,17543,2017-12-16T01:38:00.000+07:00,73990,1346,6.21999979,0.200000003,177305,31.07999992,0.180000007,1,31.07999992,24.86000061,4.349999905,Southeast Asia,Capital Nacional,PENDING_PAYMENT,,1346,59,,http://images.acmesports.sports/Sports+Books,Sports Books,31.07999992,0,12/18/2017 1:38,First Class
PAYMENT,2,1,2.130000114,10.67000008,Late delivery,1,61,CDs,Chicago,EE. UU.,XXXXXXXXX,Imani,17850,Clayton,XXXXXXXXX,Home Office,IL,3144 Easy Cider Cove,60617,9,Discs Shop,41.73297119,-87.54953003,Pacific Asia,Pek�n,China,17850,2017-12-20T13:11:00.000+07:00,74297,1348,0.620000005,0.059999999,177612,11.28999996,0.200000003,1,11.28999996,10.67000008,2.130000114,Eastern Asia,Pek�n,PENDING_PAYMENT,,1348,61,,http://images.acmesports.sports/CDs+of+rock,CDs of rock,11.28999996,0,12/22/2017 13:11,First Class
PAYMENT,0,0,0.980000019,49.04000092,Shipping on time,0,60,Baby,Simi Valley,EE. UU.,XXXXXXXXX,Cassady,17708,Witt,XXXXXXXXX,Home Office,CA,4761 Red Timber Bank,93063,4,Apparel,34.26791382,-118.6712112,Pacific Asia,Sydney,Australia,17708,2017-12-18T11:26:00.000+07:00,74155,1347,10.03999996,0.170000002,177470,59.08000183,0.02,1,59.08000183,49.04000092,0.980000019,Oceania,Nueva Gales del Sur,PENDING_PAYMENT,,1347,60,,http://images.acmesports.sports/Baby+sweater,Baby sweater,59.08000183,0,12/18/2017 23:26,Same Day
PAYMENT,0,0,17.17000008,35.77999878,Shipping on time,0,75,Video Games,Troy,EE. UU.,XXXXXXXXX,Octavia,17200,Obrien,XXXXXXXXX,Home Office,MI,5763 Grand Maze,48098,9,Discs Shop,42.5804596,-83.15601349,Pacific Asia,Himeji,Jap�n,17200,2017-12-11T01:28:00.000+07:00,73647,1362,3.980000019,0.100000001,176962,39.75,0.479999989,1,39.75,35.77999878,17.17000008,Eastern Asia,Hyogo,PENDING_PAYMENT,,1362,75,,http://images.acmesports.sports/Fighting+video+games,Fighting video games,39.75,0,12/11/2017 13:28,Same Day
PAYMENT,0,0,11.36999989,34.97999954,Shipping on time,0,75,Video Games,San Marcos,EE. UU.,XXXXXXXXX,Robin,17199,Crawford,XXXXXXXXX,Home Office,CA,1701 Heather Acres,92069,9,Discs Shop,33.14486313,-117.1681213,Pacific Asia,Himeji,Jap�n,17199,2017-12-11T01:07:00.000+07:00,73646,1362,4.769999981,0.119999997,176961,39.75,0.330000013,1,39.75,34.97999954,11.36999989,Eastern Asia,Hyogo,PENDING_PAYMENT,,1362,75,,http://images.acmesports.sports/Fighting+video+games,Fighting video games,39.75,0,12/11/2017 13:07,Same Day
PAYMENT,5,2,118.9499969,242.7599945,Late delivery,1,65,Consumer Electronics,West Jordan,EE. UU.,XXXXXXXXX,Azalia,18187,Tran,XXXXXXXXX,Home Office,UT,6819 Dewy View Crest,84084,10,Technology,40.62195587,-111.9332733,Pacific Asia,Devonport,Australia,18187,2017-12-25T11:15:00.000+07:00,74634,1352,10.11999989,0.039999999,177949,252.8800049,0.49000001,1,252.8800049,242.7599945,118.9499969,Oceania,Tasmania,PENDING_PAYMENT,,1352,65,,http://images.acmesports.sports/Industrial+consumer+electronics,Industrial consumer electronics,252.8800049,0,12/30/2017 11:15,Second Class
PAYMENT,2,2,108.1800003,235.1799927,Shipping on time,0,65,Consumer Electronics,Chicago,EE. UU.,XXXXXXXXX,Dahlia,18184,Shaw,XXXXXXXXX,Home Office,IL,7293 Lazy Orchard,60643,10,Technology,41.52892685,-88.39121246,Pacific Asia,Devonport,Australia,18184,2017-12-25T10:12:00.000+07:00,74631,1352,17.70000076,0.07,177946,252.8800049,0.460000008,1,252.8800049,235.1799927,108.1800003,Oceania,Tasmania,PENDING_PAYMENT,,1352,65,,http://images.acmesports.sports/Industrial+consumer+electronics,Industrial consumer electronics,252.8800049,0,12/27/2017 10:12,Second Class
PAYMENT,3,2,-49.54000092,74.26999664,Late delivery,1,72,Pet Supplies,Brooklyn,EE. UU.,XXXXXXXXX,Susan,16565,Vaughn,XXXXXXXXX,Home Office,NY,8828 Little Nook,11209,11,Pet Shop,40.61923981,-74.03337097,Pacific Asia,Shenyang,China,16565,2017-12-01T19:00:00.000+07:00,73012,1359,10.13000011,0.119999997,176327,84.40000153,-0.670000017,1,84.40000153,74.26999664,-49.54000092,Eastern Asia,Liaoning,PENDING_PAYMENT,,1359,72,,http://images.acmesports.sports/Adult+dog+supplies,Adult dog supplies,84.40000153,0,12/04/2017 19:00,Second Class
PAYMENT,5,2,5.380000114,71.73999786,Late delivery,1,72,Pet Supplies,New York,EE. UU.,XXXXXXXXX,Fredericka,16527,Poole,XXXXXXXXX,Home Office,NY,2831 Amber Oak Pathway,10016,11,Pet Shop,40.74559021,-73.97927856,Pacific Asia,Singapur,Singapur,16527,2017-12-01T05:41:00.000+07:00,72974,1359,12.65999985,0.150000006,176289,84.40000153,0.079999998,1,84.40000153,71.73999786,5.380000114,Southeast Asia,Singapur,PENDING_PAYMENT,,1359,72,,http://images.acmesports.sports/Adult+dog+supplies,Adult dog supplies,84.40000153,0,12/06/2017 5:41,Second Class
PAYMENT,2,2,7.309999943,58.49000168,Shipping on time,0,60,Baby,New York,EE. UU.,XXXXXXXXX,Frances,17739,Sweeney,XXXXXXXXX,Home Office,NY,4575 Middle Crescent,10128,4,Apparel,40.78022003,-73.95043945,Pacific Asia,Bangkok,Tailandia,17739,2017-12-18T22:18:00.000+07:00,74186,1347,0.589999974,0.01,177501,59.08000183,0.129999995,1,59.08000183,58.49000168,7.309999943,Southeast Asia,Bangkok,PENDING_PAYMENT,,1347,60,,http://images.acmesports.sports/Baby+sweater,Baby sweater,59.08000183,0,12/20/2017 22:18,Second Class
PAYMENT,2,2,-59.27999878,296.3900146,Shipping on time,0,63,Children's Clothing,Honolulu,EE. UU.,XXXXXXXXX,Le,17929,,XXXXXXXXX,Home Office,HI,8547 Old Drive,96822,4,Apparel,21.28728867,-157.671402,Pacific Asia,Surabaya,Indonesia,17929,2017-12-21T16:52:00.000+07:00,74376,1350,60.70999908,0.170000002,177691,357.1000061,-0.200000003,1,357.1000061,296.3900146,-59.27999878,Southeast Asia,Java Oriental,PENDING_PAYMENT,,1350,63,,http://images.acmesports.sports/Children+heaters,Children's heaters,357.1000061,0,12/23/2017 16:52,Second Class
PAYMENT,6,2,2.369999886,11.28999996,Late delivery,1,61,CDs,Memphis,EE. UU.,XXXXXXXXX,Faith,17838,Salinas,XXXXXXXXX,Home Office,TN,1220 Broad Trail,38111,9,Discs Shop,35.11978149,-89.94573975,Pacific Asia,Handan,China,17838,2017-12-20T08:59:00.000+07:00,74285,1348,0.0,0.0,177600,11.28999996,0.209999993,1,11.28999996,11.28999996,2.369999886,Eastern Asia,Hebei,PENDING_PAYMENT,,1348,61,,http://images.acmesports.sports/CDs+of+rock,CDs of rock,11.28999996,0,12/26/2017 8:59,Second Class
PAYMENT,2,2,19.42000008,155.3399963,Shipping on time,0,67,DVDs,Pomona,EE. UU.,XXXXXXXXX,Gemma,18624,Rose,XXXXXXXXX,Home Office,CA,830 Clear Sky Vale,91766,9,Discs Shop,34.04991913,-117.7161026,Pacific Asia,Lahore,Pakist�n,18624,2017-12-31T20:21:00.000+07:00,75071,1354,9.039999962,0.059999999,178386,164.3800049,0.129999995,1,164.3800049,155.3399963,19.42000008,South Asia,Punyab,PENDING_PAYMENT,,1354,67,,http://images.acmesports.sports/DVDs,DVDs,164.3800049,0,1/02/2018 20:21,Second Class
PAYMENT,4,2,15.53999996,33.79000092,Late delivery,1,75,Video Games,Annandale,EE. UU.,XXXXXXXXX,Piper,17161,Sweeney,XXXXXXXXX,Home Office,VA,5149 Dusty Pony Common,22003,9,Discs Shop,38.81283569,-77.18642426,Pacific Asia,Mau,India,17161,2017-12-10T11:48:00.000+07:00,73608,1362,5.960000038,0.150000006,176923,39.75,0.460000008,1,39.75,33.79000092,15.53999996,South Asia,Madhya Pradesh,PENDING_PAYMENT,,1362,75,,http://images.acmesports.sports/Fighting+video+games,Fighting video games,39.75,0,12/14/2017 11:48,Second Class
PAYMENT,4,4,580.5,1350.0,Shipping on time,0,64,Computers,Augusta,EE. UU.,XXXXXXXXX,Kimberley,18056,Yang,XXXXXXXXX,Home Office,GA,5338 Cozy Expressway,30907,10,Technology,33.52104187,-82.04935455,Pacific Asia,Se�l,Corea del Sur,18056,2017-12-23T13:22:00.000+07:00,74503,1351,150.0,0.100000001,177818,1500.0,0.430000007,1,1500.0,1350.0,580.5,Eastern Asia,Se�l,PAYMENT_REVIEW,,1351,64,,http://images.acmesports.sports/Dell+Laptop,Dell Laptop,1500.0,0,12/27/2017 13:22,Standard Class
PAYMENT,3,4,103.5599976,357.1000061,Advance shipping,0,63,Children's Clothing,Hampton,EE. UU.,XXXXXXXXX,Grace,18015,Morton,XXXXXXXXX,Home Office,VA,183 Velvet Grove Towers,23666,4,Apparel,37.05174255,-76.40163422,Pacific Asia,Medan,Indonesia,18015,2017-12-22T23:00:00.000+07:00,74462,1350,0.0,0.0,177777,357.1000061,0.289999992,1,357.1000061,357.1000061,103.5599976,Southeast Asia,Sumatra Septentrional,PAYMENT_REVIEW,,1350,63,,http://images.acmesports.sports/Children+heaters,Children's heaters,357.1000061,0,12/25/2017 23:00,Standard Class
PAYMENT,6,4,164.0899963,452.0400085,Late delivery,1,62,Cameras,Atlanta,EE. UU.,XXXXXXXXX,Christine,17898,Huff,XXXXXXXXX,Home Office,GA,3993 Silver Apple Circle,30331,10,Technology,33.68620682,-84.49389648,Pacific Asia,Singapur,Singapur,17898,2017-12-21T06:00:00.000+07:00,74345,1349,0.0,0.0,177660,452.0400085,0.360000014,1,452.0400085,452.0400085,164.0899963,Southeast Asia,Singapur,PENDING_PAYMENT,,1349,62,,http://images.acmesports.sports/Web+Camera,Web Camera,452.0400085,0,12/27/2017 6:00,Standard Class
PAYMENT,6,4,120.1699982,250.3500061,Late delivery,1,65,Consumer Electronics,Middletown,EE. UU.,XXXXXXXXX,Hedy,18208,Cunningham,XXXXXXXXX,Home Office,OH,6496 Colonial Leaf Orchard,45044,10,Technology,39.4593544,-84.4200058,Pacific Asia,Gold Coast,Australia,18208,2017-12-25T18:37:00.000+07:00,74655,1352,2.529999971,0.01,177970,252.8800049,0.479999989,1,252.8800049,250.3500061,120.1699982,Oceania,Queensland,PENDING_PAYMENT,,1352,65,,http://images.acmesports.sports/Industrial+consumer+electronics,Industrial consumer electronics,252.8800049,0,12/31/2017 18:37,Standard Class
PAYMENT,4,4,31.29000092,250.3500061,Shipping on time,0,65,Consumer Electronics,Las Cruces,EE. UU.,XXXXXXXXX,Alexis,18136,Woodward,XXXXXXXXX,Home Office,NM,355 Cozy Square,88005,10,Technology,32.31056595,-106.7821274,Pacific Asia,Singapur,Singapur,18136,2017-12-24T17:23:00.000+07:00,74583,1352,2.529999971,0.01,177898,252.8800049,0.129999995,1,252.8800049,250.3500061,31.29000092,Southeast Asia,Singapur,PENDING_PAYMENT,,1352,65,,http://images.acmesports.sports/Industrial+consumer+electronics,Industrial consumer electronics,252.8800049,0,12/28/2017 17:23,Standard Class
PAYMENT,2,4,147.0,1470.0,Advance shipping,0,64,Computers,Elk Grove,EE. UU.,XXXXXXXXX,Josephine,18099,Copeland,XXXXXXXXX,Home Office,CA,1221 Rustic Dale,95758,10,Technology,38.41569519,-121.4185638,Pacific Asia,Wuhan,China,18099,2017-12-24T04:26:00.000+07:00,74546,1351,30.0,0.02,177861,1500.0,0.100000001,1,1500.0,1470.0,147.0,Eastern Asia,Hubei,PENDING_PAYMENT,,1351,64,,http://images.acmesports.sports/Dell+Laptop,Dell Laptop,1500.0,0,12/26/2017 4:26,Standard Class
PAYMENT,3,4,331.5,1275.0,Advance shipping,0,64,Computers,San Diego,EE. UU.,XXXXXXXXX,Sloane,18035,Molina,XXXXXXXXX,Home Office,CA,59 Heather Shadow Concession,92111,10,Technology,32.7794342,-117.1718597,Pacific Asia,Anshan,China,18035,2017-12-23T06:00:00.000+07:00,74482,1351,225.0,0.150000006,177797,1500.0,0.25999999,1,1500.0,1275.0,331.5,Eastern Asia,Liaoning,PENDING_PAYMENT,,1351,64,,http://images.acmesports.sports/Dell+Laptop,Dell Laptop,1500.0,0,12/26/2017 6:00,Standard Class
PAYMENT,4,4,170.5099945,370.6700134,Shipping on time,0,62,Cameras,Marietta,EE. UU.,XXXXXXXXX,Nola,17901,Morton,XXXXXXXXX,Home Office,GA,6081 Burning Grounds,30066,10,Technology,34.03212357,-84.51288605,Pacific Asia,Singapur,Singapur,17901,2017-12-21T07:03:00.000+07:00,74348,1349,81.37000275,0.180000007,177663,452.0400085,0.460000008,1,452.0400085,370.6700134,170.5099945,Southeast Asia,Singapur,PENDING_PAYMENT,,1349,62,,http://images.acmesports.sports/Web+Camera,Web Camera,452.0400085,0,12/25/2017 7:03,Standard Class
PAYMENT,5,4,36.88000107,80.18000031,Late delivery,1,72,Pet Supplies,Elgin,EE. UU.,XXXXXXXXX,Lee,16552,Collins,XXXXXXXXX,Home Office,IL,2407 Gentle Woods,60123,11,Pet Shop,42.03330612,-88.29245758,Pacific Asia,Tamworth,Australia,16552,2017-12-01T14:27:00.000+07:00,72999,1359,4.21999979,0.050000001,176314,84.40000153,0.460000008,1,84.40000153,80.18000031,36.88000107,Oceania,Nueva Gales del Sur,PENDING_PAYMENT,,1359,72,,http://images.acmesports.sports/Adult+dog+supplies,Adult dog supplies,84.40000153,0,12/06/2017 14:27,Standard Class
PAYMENT,6,4,21.53000069,79.76000214,Late delivery,1,72,Pet Supplies,Augusta,EE. UU.,XXXXXXXXX,Blair,16623,Ware,XXXXXXXXX,Home Office,GA,9674 Shady Gardens,30907,11,Pet Shop,33.52104187,-82.04935455,Pacific Asia,Se�l,Corea del Sur,16623,2017-12-02T15:19:00.000+07:00,73070,1359,4.639999866,0.059999999,176385,84.40000153,0.270000011,1,84.40000153,79.76000214,21.53000069,Eastern Asia,Se�l,PENDING_PAYMENT,,1359,72,,http://images.acmesports.sports/Adult+dog+supplies,Adult dog supplies,84.40000153,0,12/08/2017 15:19,Standard Class
PAYMENT,6,4,-63.81000137,79.76000214,Late delivery,1,72,Pet Supplies,Aurora,EE. UU.,XXXXXXXXX,Quin,16533,Hines,XXXXXXXXX,Home Office,CO,5259 Bright Deer Crossing,80015,11,Pet Shop,39.63499069,-104.8029938,Pacific Asia,Singapur,Singapur,16533,2017-12-01T07:47:00.000+07:00,72980,1359,4.639999866,0.059999999,176295,84.40000153,-0.800000012,1,84.40000153,79.76000214,-63.81000137,Southeast Asia,Singapur,PENDING_PAYMENT,,1359,72,,http://images.acmesports.sports/Adult+dog+supplies,Adult dog supplies,84.40000153,0,12/07/2017 7:47,Standard Class
PAYMENT,4,4,-60.20000076,78.48999786,Shipping on time,0,72,Pet Supplies,Madera,EE. UU.,XXXXXXXXX,Nadine,16586,Roberson,XXXXXXXXX,Home Office,CA,6245 Iron Cloud Farms,93638,11,Pet Shop,36.97071075,-120.0588531,Pacific Asia,Xiangfan,China,16586,2017-12-02T02:21:00.000+07:00,73033,1359,5.909999847,0.07,176348,84.40000153,-0.769999981,1,84.40000153,78.48999786,-60.20000076,Eastern Asia,Hubei,PENDING_PAYMENT,,1359,72,,http://images.acmesports.sports/Adult+dog+supplies,Adult dog supplies,84.40000153,0,12/06/2017 2:21,Standard Class
PAYMENT,6,4,64.09999847,213.6600037,Late delivery,1,76,Women's Clothing,Honolulu,EE. UU.,XXXXXXXXX,Clio,17488,Haynes,XXXXXXXXX,Home Office,HI,1612 Quaking Walk,96817,4,Apparel,21.32080078,-157.8613892,Pacific Asia,Melbourne,Australia,17488,2017-12-15T06:22:00.000+07:00,73935,1363,2.160000086,0.01,177250,215.8200073,0.300000012,1,215.8200073,213.6600037,64.09999847,Oceania,Victoria,PENDING_PAYMENT,,1363,76,,http://images.acmesports.sports/Summer+dresses,Summer dresses,215.8200073,0,12/21/2017 6:22,Standard Class
PAYMENT,2,4,19.87999916,211.5,Advance shipping,0,76,Women's Clothing,Bronx,EE. UU.,XXXXXXXXX,Amena,17289,Oneill,XXXXXXXXX,Home Office,NY,8033 Grand Blossom Ledge,10461,4,Apparel,40.84625626,-73.84725189,Pacific Asia,Tieling,China,17289,2017-12-12T08:39:00.000+07:00,73736,1363,4.320000172,0.02,177051,215.8200073,0.090000004,1,215.8200073,211.5,19.87999916,Eastern Asia,Liaoning,PENDING_PAYMENT,,1363,76,,http://images.acmesports.sports/Summer+dresses,Summer dresses,215.8200073,0,12/14/2017 8:39,Standard Class
PAYMENT,4,4,-139.4799957,429.1799927,Shipping on time,0,66,Crafts,Brooklyn,EE. UU.,XXXXXXXXX,Carla,18366,Blackburn,XXXXXXXXX,Home Office,NY,6350 Lost Hollow,11209,4,Apparel,40.61923981,-74.03337097,Pacific Asia,Newcastle,Australia,18366,2017-12-28T01:58:00.000+07:00,74813,1353,32.29999924,0.07,178128,461.480011,-0.330000013,1,461.480011,429.1799927,-139.4799957,Oceania,Nueva Gales del Sur,PENDING_PAYMENT,,1353,66,,http://images.acmesports.sports/Porcelain+crafts,Porcelain crafts,461.480011,0,1/01/2018 1:58,Standard Class
PAYMENT,5,4,4.409999847,53.75999832,Late delivery,1,60,Baby,Honolulu,EE. UU.,XXXXXXXXX,Jenette,17732,Walker,XXXXXXXXX,Home Office,HI,6496 Noble Fawn Heights,96816,4,Apparel,21.28647041,-157.7978058,Pacific Asia,Brisbane,Australia,17732,2017-12-18T19:51:00.000+07:00,74179,1347,5.320000172,0.090000004,177494,59.08000183,0.079999998,1,59.08000183,53.75999832,4.409999847,Oceania,Queensland,PENDING_PAYMENT,,1347,60,,http://images.acmesports.sports/Baby+sweater,Baby sweater,59.08000183,0,12/23/2017 19:51,Standard Class
PAYMENT,4,4,19.94000053,53.16999817,Shipping on time,0,60,Baby,Elyria,EE. UU.,XXXXXXXXX,Lee,17731,Richmond,XXXXXXXXX,Home Office,OH,2301 Tawny Autumn Walk,44035,4,Apparel,41.36125946,-82.11012268,Pacific Asia,Se�l,Corea del Sur,17731,2017-12-18T19:30:00.000+07:00,74178,1347,5.909999847,0.100000001,177493,59.08000183,0.379999995,1,59.08000183,53.16999817,19.94000053,Eastern Asia,Se�l,PENDING_PAYMENT,,1347,60,,http://images.acmesports.sports/Baby+sweater,Baby sweater,59.08000183,0,12/22/2017 19:30,Standard Class
PAYMENT,4,4,93.23000336,194.2400055,Shipping on time,0,76,Women's Clothing,Phoenix,EE. UU.,XXXXXXXXX,Joan,17426,Logan,XXXXXXXXX,Home Office,AZ,6906 Quiet Rise,85035,4,Apparel,33.47337341,-112.1697769,Pacific Asia,Rang�n,Myanmar (Birmania),17426,2017-12-14T08:39:00.000+07:00,73873,1363,21.57999992,0.100000001,177188,215.8200073,0.479999989,1,215.8200073,194.2400055,93.23000336,Southeast Asia,Rang�n,PENDING_PAYMENT,,1363,76,,http://images.acmesports.sports/Summer+dresses,Summer dresses,215.8200073,0,12/18/2017 8:39,Standard Class
PAYMENT,5,4,-88.12000275,406.1000061,Late delivery,1,66,Crafts,Wheeling,EE. UU.,XXXXXXXXX,Mary,18507,Whitfield,XXXXXXXXX,Home Office,WV,1397 Colonial Point,26003,4,Apparel,40.0639801,-80.72141266,Pacific Asia,Manila,Filipinas,18507,2017-12-30T03:22:00.000+07:00,74954,1353,55.38000107,0.119999997,178269,461.480011,-0.219999999,1,461.480011,406.1000061,-88.12000275,Southeast Asia,Capital Nacional,PENDING_PAYMENT,,1353,66,,http://images.acmesports.sports/Porcelain+crafts,Porcelain crafts,461.480011,0,1/04/2018 3:22,Standard Class
PAYMENT,2,4,113.75,392.2600098,Advance shipping,0,66,Crafts,San Diego,EE. UU.,XXXXXXXXX,Charissa,18379,Gentry,XXXXXXXXX,Home Office,CA,1358 Middle Dale Field,92117,4,Apparel,32.79662323,-117.1978149,Pacific Asia,Bunbury,Australia,18379,2017-12-28T06:31:00.000+07:00,74826,1353,69.22000122,0.150000006,178141,461.480011,0.289999992,1,461.480011,392.2600098,113.75,Oceania,Australia Occidental,PENDING_PAYMENT,,1353,66,,http://images.acmesports.sports/Porcelain+crafts,Porcelain crafts,461.480011,0,12/30/2017 6:31,Standard Class
PAYMENT,3,4,83.55000305,392.2600098,Advance shipping,0,66,Crafts,Augusta,EE. UU.,XXXXXXXXX,Courtney,18505,Suarez,XXXXXXXXX,Home Office,GA,2863 Rocky Beacon Terrace,30907,4,Apparel,33.52104187,-82.04935455,Pacific Asia,Mount Gambier,Australia,18505,2017-12-30T02:40:00.000+07:00,74952,1353,69.22000122,0.150000006,178267,461.480011,0.209999993,1,461.480011,392.2600098,83.55000305,Oceania,Australia del Sur,PENDING_PAYMENT,,1353,66,,http://images.acmesports.sports/Porcelain+crafts,Porcelain crafts,461.480011,0,1/02/2018 2:40,Standard Class
PAYMENT,4,4,17.95999908,47.25999832,Shipping on time,0,60,Baby,Bensalem,EE. UU.,XXXXXXXXX,Belle,17706,Melton,XXXXXXXXX,Home Office,PA,107 Lazy Court,19020,4,Apparel,40.11061859,-74.94393921,Pacific Asia,Bangkok,Tailandia,17706,2017-12-18T10:44:00.000+07:00,74153,1347,11.8199997,0.200000003,177468,59.08000183,0.379999995,1,59.08000183,47.25999832,17.95999908,Southeast Asia,Bangkok,PENDING_PAYMENT,,1347,60,,http://images.acmesports.sports/Baby+sweater,Baby sweater,59.08000183,0,12/22/2017 10:44,Standard Class
PAYMENT,4,4,77.69999695,161.8699951,Shipping on time,0,76,Women's Clothing,West Orange,EE. UU.,XXXXXXXXX,Kitra,17346,Patton,XXXXXXXXX,Home Office,NJ,6417 Stony Dale Villas,7052,4,Apparel,40.77758408,-74.2411499,Pacific Asia,Medan,Indonesia,17346,2017-12-13T04:37:00.000+07:00,73793,1363,53.95999908,0.25,177108,215.8200073,0.479999989,1,215.8200073,161.8699951,77.69999695,Southeast Asia,Sumatra Septentrional,PENDING_PAYMENT,,1363,76,,http://images.acmesports.sports/Summer+dresses,Summer dresses,215.8200073,0,12/17/2017 4:37,Standard Class
PAYMENT,3,4,-63.59999847,39.75,Advance shipping,0,75,Video Games,Lockport,EE. UU.,XXXXXXXXX,Rosalyn,17065,Daniels,XXXXXXXXX,Home Office,NY,7698 Bright Grove Island,14094,9,Discs Shop,43.16891098,-78.69216156,Pacific Asia,Se�l,Corea del Sur,17065,2017-12-09T02:10:00.000+07:00,73512,1362,0.0,0.0,176827,39.75,-1.600000024,1,39.75,39.75,-63.59999847,Eastern Asia,Se�l,PENDING_PAYMENT,,1362,75,,http://images.acmesports.sports/Fighting+video+games,Fighting video games,39.75,0,12/12/2017 2:10,Standard Class
PAYMENT,2,4,3.950000048,11.28999996,Advance shipping,0,61,CDs,Greenville,EE. UU.,XXXXXXXXX,Victoria,17874,Thomas,XXXXXXXXX,Home Office,NC,1483 Sunny Zephyr Range,27834,9,Discs Shop,35.80388641,-77.47067261,Pacific Asia,Lahore,Pakist�n,17874,2017-12-20T21:36:00.000+07:00,74321,1348,0.0,0.0,177636,11.28999996,0.349999994,1,11.28999996,11.28999996,3.950000048,South Asia,Punyab,PENDING_PAYMENT,,1348,61,,http://images.acmesports.sports/CDs+of+rock,CDs of rock,11.28999996,0,12/22/2017 21:36,Standard Class
PAYMENT,5,4,14.47000027,164.3800049,Late delivery,1,67,DVDs,New York,EE. UU.,XXXXXXXXX,Reagan,18612,Mckenzie,XXXXXXXXX,Home Office,NY,5860 Grand Limits,10027,9,Discs Shop,40.81129837,-73.94896698,Pacific Asia,Bangalore,India,18612,2017-12-31T16:09:00.000+07:00,75059,1354,0.0,0.0,178374,164.3800049,0.090000004,1,164.3800049,164.3800049,14.47000027,South Asia,Karnataka,PENDING_PAYMENT,,1354,67,,http://images.acmesports.sports/DVDs,DVDs,164.3800049,0,1/05/2018 16:09,Standard Class
PAYMENT,3,4,1.25,11.06000042,Advance shipping,0,61,CDs,Fremont,EE. UU.,XXXXXXXXX,Felicia,17800,Wilkins,XXXXXXXXX,Home Office,CA,1081 Heather Boulevard,94539,9,Discs Shop,37.49027634,-121.9271088,Pacific Asia,Manado,Indonesia,17800,2017-12-19T19:40:00.000+07:00,74247,1348,0.230000004,0.02,177562,11.28999996,0.109999999,1,11.28999996,11.06000042,1.25,Southeast Asia,C�lebes Septentrional,PENDING_PAYMENT,,1348,61,,http://images.acmesports.sports/CDs+of+rock,CDs of rock,11.28999996,0,12/22/2017 19:40,Standard Class
PAYMENT,6,4,12.93999958,36.97000122,Late delivery,1,75,Video Games,Lakewood,EE. UU.,XXXXXXXXX,Allegra,17148,Perry,XXXXXXXXX,Home Office,NJ,7086 Misty Rise Expressway,8701,9,Discs Shop,40.09635925,-74.21524048,Pacific Asia,Lahore,Pakist�n,17148,2017-12-10T07:15:00.000+07:00,73595,1362,2.779999971,0.07,176910,39.75,0.349999994,1,39.75,36.97000122,12.93999958,South Asia,Punyab,PENDING_PAYMENT,,1362,75,,http://images.acmesports.sports/Fighting+video+games,Fighting video games,39.75,0,12/16/2017 7:15,Standard Class
PAYMENT,4,4,2.980000019,10.27000046,Shipping on time,0,61,CDs,Chapel Hill,EE. UU.,XXXXXXXXX,Hillary,17866,Maddox,XXXXXXXXX,Home Office,NC,7417 Stony Barn Heath,27514,9,Discs Shop,35.90821838,-79.04585266,Pacific Asia,Manila,Filipinas,17866,2017-12-20T18:48:00.000+07:00,74313,1348,1.019999981,0.090000004,177628,11.28999996,0.289999992,1,11.28999996,10.27000046,2.980000019,Southeast Asia,Capital Nacional,PENDING_PAYMENT,,1348,61,,http://images.acmesports.sports/CDs+of+rock,CDs of rock,11.28999996,0,12/24/2017 18:48,Standard Class
PAYMENT,3,4,1.320000052,32.99000168,Advance shipping,0,75,Video Games,Lansdale,EE. UU.,XXXXXXXXX,Mikayla,17105,Parrish,XXXXXXXXX,Home Office,PA,3888 Quaking Via,19446,9,Discs Shop,40.24383545,-75.28388214,Pacific Asia,Ho Chi Minh City,Vietnam,17105,2017-12-09T16:11:00.000+07:00,73552,1362,6.760000229,0.170000002,176867,39.75,0.039999999,1,39.75,32.99000168,1.320000052,Southeast Asia,Ciudad Ho Chi Minh,PENDING_PAYMENT,,1362,75,,http://images.acmesports.sports/Fighting+video+games,Fighting video games,39.75,0,12/12/2017 16:11,Standard Class
PAYMENT,3,4,-22.02000046,8.470000267,Advance shipping,0,61,CDs,Longmont,EE. UU.,XXXXXXXXX,Cassandra,17785,Camacho,XXXXXXXXX,Home Office,CO,3465 Rocky Nectar Crossing,80501,9,Discs Shop,40.1901207,-105.1010666,Pacific Asia,Manila,Filipinas,17785,2017-12-19T14:25:00.000+07:00,74232,1348,2.819999933,0.25,177547,11.28999996,-2.599999905,1,11.28999996,8.470000267,-22.02000046,Southeast Asia,Capital Nacional,PENDING_PAYMENT,,1348,61,,http://images.acmesports.sports/CDs+of+rock,CDs of rock,11.28999996,0,12/22/2017 14:25,Standard Class
PAYMENT,6,4,7.75,29.80999947,Late delivery,1,75,Video Games,Elgin,EE. UU.,XXXXXXXXX,Audrey,17138,Oneill,XXXXXXXXX,Home Office,IL,1187 Foggy Island Impasse,60123,9,Discs Shop,42.06185913,-88.29256439,Pacific Asia,Probolinggo,Indonesia,17138,2017-12-10T03:45:00.000+07:00,73585,1362,9.93999958,0.25,176900,39.75,0.25999999,1,39.75,29.80999947,7.75,Southeast Asia,Java Oriental,PENDING_PAYMENT,,1362,75,,http://images.acmesports.sports/Fighting+video+games,Fighting video games,39.75,0,12/16/2017 3:45,Standard Class
TRANSFER,2,1,23.62000084,337.4599915,Late delivery,1,63,Children's Clothing,Houston,EE. UU.,XXXXXXXXX,Glenna,17955,Mayer,XXXXXXXXX,Home Office,TX,7790 Broad Pond Crossing,77083,4,Apparel,29.69653702,-95.6459198,Pacific Asia,Gold Coast,Australia,17955,2017-12-22T01:59:00.000+07:00,74402,1350,19.63999939,0.059999999,177717,357.1000061,0.07,1,357.1000061,337.4599915,23.62000084,Oceania,Queensland,PENDING,,1350,63,,http://images.acmesports.sports/Children+heaters,Children's heaters,357.1000061,0,12/24/2017 1:59,First Class
TRANSFER,2,1,13.72000027,29.84000015,Late delivery,1,59,Books,Chicago,EE. UU.,XXXXXXXXX,Xantha,17555,Collins,XXXXXXXXX,Home Office,IL,4600 Tawny Expressway,60640,8,Book Shop,41.89561081,-87.74253082,Pacific Asia,Nagpur,India,17555,2017-12-16T05:50:00.000+07:00,74002,1346,1.24000001,0.039999999,177317,31.07999992,0.460000008,1,31.07999992,29.84000015,13.72000027,South Asia,Maharashtra,PENDING,,1346,59,,http://images.acmesports.sports/Sports+Books,Sports Books,31.07999992,0,12/18/2017 5:50,First Class
TRANSFER,2,1,11.96000004,63.29999924,Late delivery,1,72,Pet Supplies,Hamilton,EE. UU.,XXXXXXXXX,Melodie,16576,Best,XXXXXXXXX,Home Office,OH,9785 Silver Hickory Walk,45011,11,Pet Shop,39.3985405,-84.55661774,Pacific Asia,Samarinda,Indonesia,16576,2017-12-01T22:51:00.000+07:00,73023,1359,21.10000038,0.25,176338,84.40000153,0.189999998,1,84.40000153,63.29999924,11.96000004,Southeast Asia,Kalimantan Oriental,PROCESSING,,1359,72,,http://images.acmesports.sports/Adult+dog+supplies,Adult dog supplies,84.40000153,0,12/03/2017 22:51,First Class
TRANSFER,2,1,18.8199997,57.90000153,Late delivery,1,60,Baby,Philadelphia,EE. UU.,XXXXXXXXX,Brianna,17720,Hammond,XXXXXXXXX,Home Office,PA,4651 Grand Way,19140,4,Apparel,40.00958252,-75.15264893,Pacific Asia,Newcastle,Australia,17720,2017-12-18T15:39:00.000+07:00,74167,1347,1.179999948,0.02,177482,59.08000183,0.330000013,1,59.08000183,57.90000153,18.8199997,Oceania,Nueva Gales del Sur,PROCESSING,,1347,60,,http://images.acmesports.sports/Baby+sweater,Baby sweater,59.08000183,0,12/20/2017 15:39,First Class
TRANSFER,2,1,66.37999725,196.3999939,Late delivery,1,76,Women's Clothing,Albuquerque,EE. UU.,XXXXXXXXX,Martha,17265,Emerson,XXXXXXXXX,Home Office,NM,6819 Sleepy Nectar Way,87120,4,Apparel,35.11821365,-106.7038727,Pacific Asia,Sydney,Australia,17265,2017-12-12T00:14:00.000+07:00,73712,1363,19.42000008,0.090000004,177027,215.8200073,0.340000004,1,215.8200073,196.3999939,66.37999725,Oceania,Nueva Gales del Sur,PROCESSING,,1363,76,,http://images.acmesports.sports/Summer+dresses,Summer dresses,215.8200073,0,12/14/2017 0:14,First Class
TRANSFER,2,1,10.57999992,33.79000092,Shipping canceled,0,75,Video Games,Tucson,EE. UU.,XXXXXXXXX,Azalia,17179,Wheeler,XXXXXXXXX,Home Office,AZ,287 Round Thicket,85746,9,Discs Shop,32.15084076,-111.0030136,Pacific Asia,Licheng,China,17179,2017-12-10T18:07:00.000+07:00,73626,1362,5.960000038,0.150000006,176941,39.75,0.310000002,1,39.75,33.79000092,10.57999992,Eastern Asia,Jiangsu,SUSPECTED_FRAUD,,1362,75,,http://images.acmesports.sports/Fighting+video+games,Fighting video games,39.75,0,12/12/2017 18:07,First Class
TRANSFER,1,0,9.319999695,23.30999947,Late delivery,1,59,Books,Merced,EE. UU.,XXXXXXXXX,Mira,17596,Rivera,XXXXXXXXX,Home Office,CA,4291 Jagged Sky Via,95340,8,Book Shop,37.29514313,-120.4100723,Pacific Asia,Pek�n,China,17596,2017-12-16T20:12:00.000+07:00,74043,1346,7.769999981,0.25,177358,31.07999992,0.400000006,1,31.07999992,23.30999947,9.319999695,Eastern Asia,Pek�n,PENDING,,1346,59,,http://images.acmesports.sports/Sports+Books,Sports Books,31.07999992,0,12/17/2017 8:12,Same Day
TRANSFER,0,0,-50.13000107,83.55999756,Shipping on time,0,72,Pet Supplies,Marrero,EE. UU.,XXXXXXXXX,Alfreda,16538,Livingston,XXXXXXXXX,Home Office,LA,9916 Misty Downs,70072,11,Pet Shop,29.89335632,-90.0963974,Pacific Asia,Bangkok,Tailandia,16538,2017-12-01T09:32:00.000+07:00,72985,1359,0.839999974,0.01,176300,84.40000153,-0.600000024,1,84.40000153,83.55999756,-50.13000107,Southeast Asia,Bangkok,PROCESSING,,1359,72,,http://images.acmesports.sports/Adult+dog+supplies,Adult dog supplies,84.40000153,0,12/01/2017 21:32,Same Day
TRANSFER,1,0,72.22000122,213.6600037,Late delivery,1,76,Women's Clothing,Reynoldsburg,EE. UU.,XXXXXXXXX,Macy,17524,Day,XXXXXXXXX,Home Office,OH,7538 High Heights,43068,4,Apparel,39.95420075,-82.8127594,Pacific Asia,Depok,Indonesia,17524,2017-12-15T18:59:00.000+07:00,73971,1363,2.160000086,0.01,177286,215.8200073,0.340000004,1,215.8200073,213.6600037,72.22000122,Southeast Asia,Java Occidental,PROCESSING,,1363,76,,http://images.acmesports.sports/Summer+dresses,Summer dresses,215.8200073,0,12/16/2017 6:59,Same Day
TRANSFER,1,0,12.31000042,30.77000046,Late delivery,1,59,Books,Amarillo,EE. UU.,XXXXXXXXX,Signe,17594,May,XXXXXXXXX,Home Office,TX,6068 Quaking Heath,79109,8,Book Shop,35.18754196,-101.8676224,Pacific Asia,Nanning,China,17594,2017-12-16T19:30:00.000+07:00,74041,1346,0.310000002,0.01,177356,31.07999992,0.400000006,1,31.07999992,30.77000046,12.31000042,Eastern Asia,Guangxi,PROCESSING,,1346,59,,http://images.acmesports.sports/Sports+Books,Sports Books,31.07999992,0,12/17/2017 7:30,Same Day
TRANSFER,1,0,11.40999985,39.34999847,Late delivery,1,75,Video Games,Greeley,EE. UU.,XXXXXXXXX,Gwendolyn,17028,Mcconnell,XXXXXXXXX,Home Office,CO,149 High Autumn Harbour,80631,9,Discs Shop,40.41231918,-104.6923523,Pacific Asia,Melbourne,Australia,17028,2017-12-08T13:12:00.000+07:00,73475,1362,0.400000006,0.01,176790,39.75,0.289999992,1,39.75,39.34999847,11.40999985,Oceania,Victoria,PROCESSING,,1362,75,,http://images.acmesports.sports/Fighting+video+games,Fighting video games,39.75,0,12/09/2017 1:12,Same Day
TRANSFER,4,2,64.86000061,240.2400055,Late delivery,1,65,Consumer Electronics,Virginia Beach,EE. UU.,XXXXXXXXX,Wynter,18186,Rios,XXXXXXXXX,Home Office,VA,2541 Round Bear Orchard,23454,10,Technology,36.84350205,-76.04109955,Pacific Asia,Devonport,Australia,18186,2017-12-25T10:54:00.000+07:00,74633,1352,12.64000034,0.050000001,177948,252.8800049,0.270000011,1,252.8800049,240.2400055,64.86000061,Oceania,Tasmania,PENDING,,1352,65,,http://images.acmesports.sports/Industrial+consumer+electronics,Industrial consumer electronics,252.8800049,0,12/29/2017 10:54,Second Class
TRANSFER,4,2,-55.68000031,75.95999908,Late delivery,1,72,Pet Supplies,Williamsport,EE. UU.,XXXXXXXXX,Camilla,16566,Lowe,XXXXXXXXX,Home Office,PA,3692 Dewy Butterfly Cape,17701,11,Pet Shop,41.24406052,-77.00766754,Pacific Asia,Faridabad,India,16566,2017-12-01T19:21:00.000+07:00,73013,1359,8.43999958,0.100000001,176328,84.40000153,-0.730000019,1,84.40000153,75.95999908,-55.68000031,South Asia,Haryana,PENDING,,1359,72,,http://images.acmesports.sports/Adult+dog+supplies,Adult dog supplies,84.40000153,0,12/05/2017 19:21,Second Class
TRANSFER,5,2,74.02999878,211.5,Late delivery,1,76,Women's Clothing,Columbus,EE. UU.,XXXXXXXXX,Xerxes,17397,Logan,XXXXXXXXX,Home Office,OH,1804 Iron Quay,43207,4,Apparel,39.92808151,-82.98953247,Pacific Asia,Bangalore,India,17397,2017-12-13T22:29:00.000+07:00,73844,1363,4.320000172,0.02,177159,215.8200073,0.349999994,1,215.8200073,211.5,74.02999878,South Asia,Karnataka,PENDING,,1363,76,,http://images.acmesports.sports/Summer+dresses,Summer dresses,215.8200073,0,12/18/2017 22:29,Second Class
TRANSFER,3,2,-9.010000229,48.45000076,Late delivery,1,60,Baby,Livermore,EE. UU.,XXXXXXXXX,Hanae,17635,Sharpe,XXXXXXXXX,Home Office,CA,4958 Shady Zephyr Gardens,94550,4,Apparel,37.7397995,-121.7699966,Pacific Asia,Samarinda,Indonesia,17635,2017-12-17T09:52:00.000+07:00,74082,1347,10.63000011,0.180000007,177397,59.08000183,-0.189999998,1,59.08000183,48.45000076,-9.010000229,Southeast Asia,Kalimantan Oriental,PENDING,,1347,60,,http://images.acmesports.sports/Baby+sweater,Baby sweater,59.08000183,0,12/20/2017 9:52,Second Class
TRANSFER,3,2,25.95999908,76.80000305,Late delivery,1,72,Pet Supplies,Ithaca,EE. UU.,XXXXXXXXX,Dakota,16585,Page,XXXXXXXXX,Home Office,NY,8428 Honey Freeway,14850,11,Pet Shop,42.43708038,-76.48168945,Pacific Asia,Brisbane,Australia,16585,2017-12-02T02:00:00.000+07:00,73032,1359,7.599999905,0.090000004,176347,84.40000153,0.340000004,1,84.40000153,76.80000305,25.95999908,Oceania,Queensland,PROCESSING,,1359,72,,http://images.acmesports.sports/Adult+dog+supplies,Adult dog supplies,84.40000153,0,12/05/2017 2:00,Second Class
TRANSFER,2,2,100.5999985,321.3900146,Shipping on time,0,63,Children's Clothing,Mesa,EE. UU.,XXXXXXXXX,Kaitlin,17934,House,XXXXXXXXX,Home Office,AZ,1221 Easy Corners,85201,4,Apparel,33.43722153,-111.8398285,Pacific Asia,Jiangyan,China,17934,2017-12-21T18:37:00.000+07:00,74381,1350,35.70999908,0.100000001,177696,357.1000061,0.310000002,1,357.1000061,321.3900146,100.5999985,Eastern Asia,Jiangsu,PROCESSING,,1350,63,,http://images.acmesports.sports/Children+heaters,Children's heaters,357.1000061,0,12/23/2017 18:37,Second Class
TRANSFER,6,4,77.77999878,230.1199951,Shipping canceled,0,65,Consumer Electronics,Grand Prairie,EE. UU.,XXXXXXXXX,Jenette,18183,Huffman,XXXXXXXXX,Home Office,TX,1269 Rocky Brook Hollow,75052,10,Technology,32.6425972,-97.02174377,Pacific Asia,Devonport,Australia,18183,2017-12-25T09:51:00.000+07:00,74630,1352,22.76000023,0.090000004,177945,252.8800049,0.340000004,1,252.8800049,230.1199951,77.77999878,Oceania,Tasmania,CANCELED,,1352,65,,http://images.acmesports.sports/Industrial+consumer+electronics,Industrial consumer electronics,252.8800049,0,12/31/2017 9:51,Standard Class
TRANSFER,6,4,21.57999992,172.6600037,Shipping canceled,0,76,Women's Clothing,Stone Mountain,EE. UU.,XXXXXXXXX,Rosalyn,17473,Dudley,XXXXXXXXX,Home Office,GA,8478 Foggy Log Nook,30083,4,Apparel,33.81931305,-84.17552948,Pacific Asia,Sakai,Jap�n,17473,2017-12-15T01:07:00.000+07:00,73920,1363,43.15999985,0.200000003,177235,215.8200073,0.129999995,1,215.8200073,172.6600037,21.57999992,Eastern Asia,Osaka,CANCELED,,1363,76,,http://images.acmesports.sports/Summer+dresses,Summer dresses,215.8200073,0,12/21/2017 1:07,Standard Class
TRANSFER,4,4,3.819999933,11.28999996,Shipping canceled,0,61,CDs,Mount Pleasant,EE. UU.,XXXXXXXXX,Calista,17766,Beasley,XXXXXXXXX,Home Office,MI,2865 Blue Rise Way,48858,9,Discs Shop,43.60348129,-84.78716278,Pacific Asia,Ningbo,China,17766,2017-12-19T07:46:00.000+07:00,74213,1348,0.0,0.0,177528,11.28999996,0.340000004,1,11.28999996,11.28999996,3.819999933,Eastern Asia,Zhejiang,CANCELED,,1348,61,,http://images.acmesports.sports/CDs+of+rock,CDs of rock,11.28999996,0,12/23/2017 7:46,Standard Class
TRANSFER,4,4,69.75,1395.0,Shipping on time,0,64,Computers,Hyattsville,EE. UU.,XXXXXXXXX,Melodie,18076,Delgado,XXXXXXXXX,Home Office,MD,5578 Hazy River End,20783,10,Technology,38.98765183,-76.98097229,Pacific Asia,Bangkok,Tailandia,18076,2017-12-23T20:22:00.000+07:00,74523,1351,105.0,0.07,177838,1500.0,0.050000001,1,1500.0,1395.0,69.75,Southeast Asia,Bangkok,PENDING,,1351,64,,http://images.acmesports.sports/Dell+Laptop,Dell Laptop,1500.0,0,12/27/2017 20:22,Standard Class
TRANSFER,6,4,-331.7799988,207.3600006,Late delivery,1,65,Consumer Electronics,Edison,EE. UU.,XXXXXXXXX,Ciara,18158,Leblanc,XXXXXXXXX,Home Office,NJ,40 Pleasant Brook Trace,8817,10,Technology,40.52410889,-74.39279938,Pacific Asia,Surabaya,Indonesia,18158,2017-12-25T01:06:00.000+07:00,74605,1352,45.52000046,0.180000007,177920,252.8800049,-1.600000024,1,252.8800049,207.3600006,-331.7799988,Southeast Asia,Java Oriental,PENDING,,1352,65,,http://images.acmesports.sports/Industrial+consumer+electronics,Industrial consumer electronics,252.8800049,0,12/31/2017 1:06,Standard Class
TRANSFER,6,4,13.21000004,81.01999664,Late delivery,1,72,Pet Supplies,Raleigh,EE. UU.,XXXXXXXXX,Rhoda,16553,Cox,XXXXXXXXX,Home Office,NC,753 Emerald Pine Glen,27606,11,Pet Shop,35.78998184,-78.61327362,Pacific Asia,Tamworth,Australia,16553,2017-12-01T14:48:00.000+07:00,73000,1359,3.380000114,0.039999999,176315,84.40000153,0.159999996,1,84.40000153,81.01999664,13.21000004,Oceania,Nueva Gales del Sur,PENDING,,1359,72,,http://images.acmesports.sports/Adult+dog+supplies,Adult dog supplies,84.40000153,0,12/07/2017 14:48,Standard Class
TRANSFER,5,4,99.58999634,383.0299988,Late delivery,1,66,Crafts,El Paso,EE. UU.,XXXXXXXXX,Odette,18377,Stevens,XXXXXXXXX,Home Office,TX,6468 Harvest Parade,79912,4,Apparel,31.84699822,-106.5490112,Pacific Asia,Datong,China,18377,2017-12-28T05:49:00.000+07:00,74824,1353,78.44999695,0.170000002,178139,461.480011,0.25999999,1,461.480011,383.0299988,99.58999634,Eastern Asia,Shanxi,PENDING,,1353,66,,http://images.acmesports.sports/Porcelain+crafts,Porcelain crafts,461.480011,0,1/02/2018 5:49,Standard Class
TRANSFER,4,4,-31.79999924,39.75,Shipping on time,0,75,Video Games,Los Angeles,EE. UU.,XXXXXXXXX,Nayda,17101,Robertson,XXXXXXXXX,Home Office,CA,4709 Lost Orchard,90018,9,Discs Shop,34.03247452,-118.3267975,Pacific Asia,Ho Chi Minh City,Vietnam,17101,2017-12-09T14:47:00.000+07:00,73548,1362,0.0,0.0,176863,39.75,-0.800000012,1,39.75,39.75,-31.79999924,Southeast Asia,Ciudad Ho Chi Minh,PENDING,,1362,75,,http://images.acmesports.sports/Fighting+video+games,Fighting video games,39.75,0,12/13/2017 14:47,Standard Class
TRANSFER,5,4,11.35000038,33.38999939,Late delivery,1,75,Video Games,Virginia Beach,EE. UU.,XXXXXXXXX,Aileen,17142,Massey,XXXXXXXXX,Home Office,VA,2721 Silent Barn Subdivision,23454,9,Discs Shop,36.84350205,-76.04109955,Pacific Asia,Kuching,Malasia,17142,2017-12-10T05:09:00.000+07:00,73589,1362,6.360000134,0.159999996,176904,39.75,0.340000004,1,39.75,33.38999939,11.35000038,Southeast Asia,Sarawak,PENDING,,1362,75,,http://images.acmesports.sports/Fighting+video+games,Fighting video games,39.75,0,12/15/2017 5:09,Standard Class
TRANSFER,2,4,-24.18000031,32.99000168,Advance shipping,0,75,Video Games,Gardena,EE. UU.,XXXXXXXXX,Olympia,17249,Le,XXXXXXXXX,Home Office,CA,624 Lost Apple Subdivision,90247,9,Discs Shop,33.88169861,-118.2857132,Pacific Asia,Shenzhen,China,17249,2017-12-11T18:38:00.000+07:00,73696,1362,6.760000229,0.170000002,177011,39.75,-0.730000019,1,39.75,32.99000168,-24.18000031,Eastern Asia,Guangdong,PENDING,,1362,75,,http://images.acmesports.sports/Fighting+video+games,Fighting video games,39.75,0,12/13/2017 18:38,Standard Class
TRANSFER,6,4,23.18000031,123.2900009,Late delivery,1,67,DVDs,Goleta,EE. UU.,XXXXXXXXX,Amity,18613,Lynch,XXXXXXXXX,Home Office,CA,5530 Emerald Elk Mews,93117,9,Discs Shop,34.41292954,-119.8607178,Pacific Asia,Depok,Indonesia,18613,2017-12-31T16:30:00.000+07:00,75060,1354,41.09999847,0.25,178375,164.3800049,0.189999998,1,164.3800049,123.2900009,23.18000031,Southeast Asia,Java Occidental,PENDING,,1354,67,,http://images.acmesports.sports/DVDs,DVDs,164.3800049,0,1/06/2018 16:30,Standard Class
TRANSFER,4,4,63.11999893,242.7599945,Shipping on time,0,65,Consumer Electronics,Los Angeles,EE. UU.,XXXXXXXXX,Fatima,18151,Morales,XXXXXXXXX,Home Office,CA,3760 Middle Hill,90065,10,Technology,34.11491013,-118.2400131,Pacific Asia,Bangkok,Tailandia,18151,2017-12-24T22:39:00.000+07:00,74598,1352,10.11999989,0.039999999,177913,252.8800049,0.25999999,1,252.8800049,242.7599945,63.11999893,Southeast Asia,Bangkok,PROCESSING,,1352,65,,http://images.acmesports.sports/Industrial+consumer+electronics,Industrial consumer electronics,252.8800049,0,12/28/2017 22:39,Standard Class
TRANSFER,3,4,155.6300049,1245.0,Advance shipping,0,64,Computers,Algonquin,EE. UU.,XXXXXXXXX,Aphrodite,18105,Marsh,XXXXXXXXX,Home Office,IL,3362 Cozy Rise Parkway,60102,10,Technology,42.17562866,-88.34886932,Pacific Asia,Daca,Banglad�s,18105,2017-12-24T06:32:00.000+07:00,74552,1351,255.0,0.170000002,177867,1500.0,0.129999995,1,1500.0,1245.0,155.6300049,South Asia,Daca,PROCESSING,,1351,64,,http://images.acmesports.sports/Dell+Laptop,Dell Laptop,1500.0,0,12/27/2017 6:32,Standard Class
TRANSFER,5,4,172.5899963,375.1900024,Late delivery,1,62,Cameras,Bronx,EE. UU.,XXXXXXXXX,Kerry,17902,Bryan,XXXXXXXXX,Home Office,NY,9741 Honey Goose Landing,10461,10,Technology,40.84625626,-73.84725189,Pacific Asia,Singapur,Singapur,17902,2017-12-21T07:24:00.000+07:00,74349,1349,76.84999847,0.170000002,177664,452.0400085,0.460000008,1,452.0400085,375.1900024,172.5899963,Southeast Asia,Singapur,PROCESSING,,1349,62,,http://images.acmesports.sports/Web+Camera,Web Camera,452.0400085,0,12/26/2017 7:24,Standard Class
TRANSFER,2,4,23.98999977,82.70999908,Advance shipping,0,72,Pet Supplies,Wyandotte,EE. UU.,XXXXXXXXX,Chanda,16519,Schneider,XXXXXXXXX,Home Office,MI,612 Wishing Grove Field,48192,11,Pet Shop,42.20660782,-83.1534729,Pacific Asia,Singapur,Singapur,16519,2017-12-01T02:53:00.000+07:00,72966,1359,1.690000057,0.02,176281,84.40000153,0.289999992,1,84.40000153,82.70999908,23.98999977,Southeast Asia,Singapur,PROCESSING,,1359,72,,http://images.acmesports.sports/Adult+dog+supplies,Adult dog supplies,84.40000153,0,12/03/2017 2:53,Standard Class
TRANSFER,5,4,4.940000057,78.48999786,Late delivery,1,72,Pet Supplies,Brooklyn,EE. UU.,XXXXXXXXX,Madeson,16532,Elliott,XXXXXXXXX,Home Office,NY,5216 Iron Berry Farm,11213,11,Pet Shop,40.66978836,-73.93567658,Pacific Asia,Singapur,Singapur,16532,2017-12-01T07:26:00.000+07:00,72979,1359,5.909999847,0.07,176294,84.40000153,0.059999999,1,84.40000153,78.48999786,4.940000057,Southeast Asia,Singapur,PROCESSING,,1359,72,,http://images.acmesports.sports/Adult+dog+supplies,Adult dog supplies,84.40000153,0,12/06/2017 7:26,Standard Class
TRANSFER,3,4,145.7400055,401.4899902,Advance shipping,0,66,Crafts,Loveland,EE. UU.,XXXXXXXXX,Hedda,18380,Bradshaw,XXXXXXXXX,Home Office,OH,1131 Cotton Grounds,45140,4,Apparel,39.27106476,-84.27436829,Pacific Asia,Hobart,Australia,18380,2017-12-28T06:52:00.000+07:00,74827,1353,59.99000168,0.129999995,178142,461.480011,0.360000014,1,461.480011,401.4899902,145.7400055,Oceania,Tasmania,PROCESSING,,1353,66,,http://images.acmesports.sports/Porcelain+crafts,Porcelain crafts,461.480011,0,12/31/2017 6:52,Standard Class
TRANSFER,6,4,-49.72999954,31.07999992,Late delivery,1,59,Books,Mchenry,EE. UU.,XXXXXXXXX,Demetria,17613,Duncan,XXXXXXXXX,Home Office,IL,182 Cotton Sky Glen,60050,8,Book Shop,42.34777069,-88.2697525,Pacific Asia,Padang,Indonesia,17613,2017-12-17T02:09:00.000+07:00,74060,1346,0.0,0.0,177375,31.07999992,-1.600000024,1,31.07999992,31.07999992,-49.72999954,Southeast Asia,Sumatra Occidental,PROCESSING,,1346,59,,http://images.acmesports.sports/Sports+Books,Sports Books,31.07999992,0,12/23/2017 2:09,Standard Class
TRANSFER,5,4,9.770000458,28.89999962,Late delivery,1,59,Books,York,EE. UU.,XXXXXXXXX,Gemma,17552,Sutton,XXXXXXXXX,Home Office,PA,1108 Lost Campus,17404,8,Book Shop,39.96356964,-76.76670837,Pacific Asia,Denpasar,Indonesia,17552,2017-12-16T04:47:00.000+07:00,73999,1346,2.180000067,0.07,177314,31.07999992,0.340000004,1,31.07999992,28.89999962,9.770000458,Southeast Asia,Bali,PROCESSING,,1346,59,,http://images.acmesports.sports/Sports+Books,Sports Books,31.07999992,0,12/21/2017 4:47,Standard Class
TRANSFER,3,4,6.130000114,23.30999947,Advance shipping,0,59,Books,Peabody,EE. UU.,XXXXXXXXX,Dana,17560,Meyers,XXXXXXXXX,Home Office,MA,2291 Velvet Berry Freeway,1960,8,Book Shop,42.54164505,-70.97937775,Pacific Asia,Mysore,India,17560,2017-12-16T07:35:00.000+07:00,74007,1346,7.769999981,0.25,177322,31.07999992,0.25999999,1,31.07999992,23.30999947,6.130000114,South Asia,Karnataka,PROCESSING,,1346,59,,http://images.acmesports.sports/Sports+Books,Sports Books,31.07999992,0,12/19/2017 7:35,Standard Class
TRANSFER,5,4,3.25,10.5,Late delivery,1,61,CDs,Roswell,EE. UU.,XXXXXXXXX,Oprah,17867,Byrd,XXXXXXXXX,Home Office,GA,6451 Clear Hills Moor,30075,9,Discs Shop,34.0256691,-84.35742188,Pacific Asia,Manila,Filipinas,17867,2017-12-20T19:09:00.000+07:00,74314,1348,0.790000021,0.07,177629,11.28999996,0.310000002,1,11.28999996,10.5,3.25,Southeast Asia,Capital Nacional,PROCESSING,,1348,61,,http://images.acmesports.sports/CDs+of+rock,CDs of rock,11.28999996,0,12/25/2017 19:09,Standard Class
TRANSFER,6,4,407.3999939,1455.0,Shipping canceled,0,64,Computers,Lansdale,EE. UU.,XXXXXXXXX,Iola,18098,Pitts,XXXXXXXXX,Home Office,PA,8205 Silver Treasure Loop,19446,10,Technology,40.24383545,-75.28388214,Pacific Asia,Bandung,Indonesia,18098,2017-12-24T04:05:00.000+07:00,74545,1351,45.0,0.029999999,177860,1500.0,0.280000001,1,1500.0,1455.0,407.3999939,Southeast Asia,Java Occidental,SUSPECTED_FRAUD,,1351,64,,http://images.acmesports.sports/Dell+Laptop,Dell Laptop,1500.0,0,12/30/2017 4:05,Standard Class
TRANSFER,2,4,14.02000046,29.84000015,Shipping canceled,0,59,Books,Citrus Heights,EE. UU.,XXXXXXXXX,Velma,17609,Morin,XXXXXXXXX,Home Office,CA,3867 Bright Zephyr Ledge,95610,8,Book Shop,38.67052841,-121.26931,Pacific Asia,Ipoh,Malasia,17609,2017-12-17T00:45:00.000+07:00,74056,1346,1.24000001,0.039999999,177371,31.07999992,0.469999999,1,31.07999992,29.84000015,14.02000046,Southeast Asia,Perak,SUSPECTED_FRAUD,,1346,59,,http://images.acmesports.sports/Sports+Books,Sports Books,31.07999992,0,12/19/2017 0:45,Standard Class
TRANSFER,3,4,12.38000011,25.79999924,Shipping canceled,0,59,Books,Apopka,EE. UU.,XXXXXXXXX,Mara,17545,Harvey,XXXXXXXXX,Home Office,FL,5437 Red Berry Canyon,32703,8,Book Shop,28.63298988,-81.45418549,Pacific Asia,Lahore,Pakist�n,17545,2017-12-16T02:20:00.000+07:00,73992,1346,5.28000021,0.170000002,177307,31.07999992,0.479999989,1,31.07999992,25.79999924,12.38000011,South Asia,Punyab,SUSPECTED_FRAUD,,1346,59,,http://images.acmesports.sports/Sports+Books,Sports Books,31.07999992,0,12/19/2017 2:20,Standard Class
TRANSFER,5,4,71.84999847,152.8699951,Shipping canceled,0,67,DVDs,Las Vegas,EE. UU.,XXXXXXXXX,Lee,18587,Jennings,XXXXXXXXX,Home Office,NV,6728 Wishing Parkway,89103,9,Discs Shop,36.11117935,-115.2110291,Pacific Asia,Kuala Lumpur,Malasia,18587,2017-12-31T07:24:00.000+07:00,75034,1354,11.51000023,0.07,178349,164.3800049,0.469999999,1,164.3800049,152.8699951,71.84999847,Southeast Asia,Kuala Lumpur,SUSPECTED_FRAUD,,1354,67,,http://images.acmesports.sports/DVDs,DVDs,164.3800049,0,1/05/2018 7:24,Standard Class
CASH,2,1,114.7099991,238.9700012,Late delivery,1,65,Consumer Electronics,Caguas,Puerto Rico,XXXXXXXXX,Stella,18149,Perez,XXXXXXXXX,Consumer,PR,1927 Harvest Lane,725,10,Technology,18.29052353,-66.03705597,Pacific Asia,Brisbane,Australia,18149,2017-12-24T21:57:00.000+07:00,74596,1352,13.90999985,0.059999999,177911,252.8800049,0.479999989,1,252.8800049,238.9700012,114.7099991,Oceania,Queensland,CLOSED,,1352,65,,http://images.acmesports.sports/Industrial+consumer+electronics,Industrial consumer electronics,252.8800049,0,12/26/2017 21:57,First Class
CASH,2,1,24.8199997,73.43000031,Late delivery,1,72,Pet Supplies,Caguas,Puerto Rico,XXXXXXXXX,Nadine,16618,Zimmerman,XXXXXXXXX,Consumer,PR,6933 Honey Turnabout,725,11,Pet Shop,18.26301003,-66.03705597,Pacific Asia,Hobart,Australia,16618,2017-12-02T13:34:00.000+07:00,73065,1359,10.97000027,0.129999995,176380,84.40000153,0.340000004,1,84.40000153,73.43000031,24.8199997,Oceania,Tasmania,CLOSED,,1359,72,,http://images.acmesports.sports/Adult+dog+supplies,Adult dog supplies,84.40000153,0,12/04/2017 13:34,First Class
CASH,2,1,23.63999939,51.40000153,Late delivery,1,60,Baby,Caguas,Puerto Rico,XXXXXXXXX,Nora,17639,Stevens,XXXXXXXXX,Consumer,PR,1974 Stony Wharf,725,4,Apparel,18.26911354,-66.03704834,Pacific Asia,Geelong,Australia,17639,2017-12-17T11:16:00.000+07:00,74086,1347,7.679999828,0.129999995,177401,59.08000183,0.460000008,1,59.08000183,51.40000153,23.63999939,Oceania,Victoria,CLOSED,,1347,60,,http://images.acmesports.sports/Baby+sweater,Baby sweater,59.08000183,0,12/19/2017 11:16,First Class
CASH,2,1,11.09000015,36.97000122,Late delivery,1,75,Video Games,Caguas,Puerto Rico,XXXXXXXXX,Pearl,17076,Sharp,XXXXXXXXX,Consumer,PR,5072 Old Downs,725,9,Discs Shop,18.29505158,-66.03705597,Pacific Asia,Shuangyashan,China,17076,2017-12-09T06:01:00.000+07:00,73523,1362,2.779999971,0.07,176838,39.75,0.300000012,1,39.75,36.97000122,11.09000015,Eastern Asia,Heilongjiang,CLOSED,,1362,75,,http://images.acmesports.sports/Fighting+video+games,Fighting video games,39.75,0,12/11/2017 6:01,First Class
CASH,2,1,2.670000076,10.27000046,Late delivery,1,61,CDs,Caguas,Puerto Rico,XXXXXXXXX,Cara,17884,Mcmillan,XXXXXXXXX,Consumer,PR,4392 Burning Farms,725,9,Discs Shop,18.26766205,-66.03705597,Pacific Asia,Visakhapatnam,India,17884,2017-12-21T01:06:00.000+07:00,74331,1348,1.019999981,0.090000004,177646,11.28999996,0.25999999,1,11.28999996,10.27000046,2.670000076,South Asia,Andhra Pradesh,CLOSED,,1348,61,,http://images.acmesports.sports/CDs+of+rock,CDs of rock,11.28999996,0,12/23/2017 1:06,First Class
CASH,2,1,3.369999886,29.80999947,Late delivery,1,75,Video Games,Caguas,Puerto Rico,XXXXXXXXX,Sheila,17120,Randolph,XXXXXXXXX,Consumer,PR,8368 Golden Alley,725,9,Discs Shop,18.24032402,-66.03704834,Pacific Asia,Wollongong,Australia,17120,2017-12-09T21:26:00.000+07:00,73567,1362,9.93999958,0.25,176882,39.75,0.109999999,1,39.75,29.80999947,3.369999886,Oceania,Nueva Gales del Sur,CLOSED,,1362,75,,http://images.acmesports.sports/Fighting+video+games,Fighting video games,39.75,0,12/11/2017 21:26,First Class
CASH,1,0,-64.73000336,84.40000153,Late delivery,1,72,Pet Supplies,Caguas,Puerto Rico,XXXXXXXXX,Gloria,16557,Roberson,XXXXXXXXX,Consumer,PR,1112 Cinder Woods,725,11,Pet Shop,18.21031189,-66.03705597,Pacific Asia,Perth,Australia,16557,2017-12-01T16:12:00.000+07:00,73004,1359,0.0,0.0,176319,84.40000153,-0.769999981,1,84.40000153,84.40000153,-64.73000336,Oceania,Australia Occidental,CLOSED,,1359,72,,http://images.acmesports.sports/Adult+dog+supplies,Adult dog supplies,84.40000153,0,12/02/2017 4:12,Same Day
CASH,5,2,68.37999725,202.3000031,Late delivery,1,65,Consumer Electronics,Caguas,Puerto Rico,XXXXXXXXX,Cailin,18247,Neal,XXXXXXXXX,Consumer,PR,1100 Amber Turnabout,725,10,Technology,18.28052521,-66.03704834,Pacific Asia,Agra,India,18247,2017-12-26T08:17:00.000+07:00,74694,1352,50.58000183,0.200000003,178009,252.8800049,0.340000004,1,252.8800049,202.3000031,68.37999725,South Asia,Uttar Pradesh,CLOSED,,1352,65,,http://images.acmesports.sports/Industrial+consumer+electronics,Industrial consumer electronics,252.8800049,0,12/31/2017 8:17,Second Class
CASH,5,2,7.429999828,74.26999664,Late delivery,1,72,Pet Supplies,Caguas,Puerto Rico,XXXXXXXXX,Dora,16547,Roy,XXXXXXXXX,Consumer,PR,9533 Little Forest,725,11,Pet Shop,18.26893425,-66.0370636,Pacific Asia,Yichun,China,16547,2017-12-01T12:41:00.000+07:00,72994,1359,10.13000011,0.119999997,176309,84.40000153,0.100000001,1,84.40000153,74.26999664,7.429999828,Eastern Asia,Heilongjiang,CLOSED,,1359,72,,http://images.acmesports.sports/Adult+dog+supplies,Adult dog supplies,84.40000153,0,12/06/2017 12:41,Second Class
CASH,4,2,109.8300018,461.480011,Late delivery,1,66,Crafts,Caguas,Puerto Rico,XXXXXXXXX,Shafira,18481,Mcguire,XXXXXXXXX,Consumer,PR,7601 Pleasant Barn Run,725,4,Apparel,18.26159096,-66.03705597,Pacific Asia,Jaipur,India,18481,2017-12-29T18:15:00.000+07:00,74928,1353,0.0,0.0,178243,461.480011,0.239999995,1,461.480011,461.480011,109.8300018,South Asia,Rajast�n,CLOSED,,1353,66,,http://images.acmesports.sports/Porcelain+crafts,Porcelain crafts,461.480011,0,1/02/2018 18:15,Second Class
CASH,3,2,40.20000076,456.8699951,Late delivery,1,66,Crafts,Caguas,Puerto Rico,XXXXXXXXX,Idola,18390,Mcbride,XXXXXXXXX,Consumer,PR,786 Golden Forest Terrace,725,4,Apparel,18.21079636,-66.0370636,Pacific Asia,Manila,Filipinas,18390,2017-12-28T10:23:00.000+07:00,74837,1353,4.610000134,0.01,178152,461.480011,0.090000004,1,461.480011,456.8699951,40.20000076,Southeast Asia,Capital Nacional,CLOSED,,1353,66,,http://images.acmesports.sports/Porcelain+crafts,Porcelain crafts,461.480011,0,12/31/2017 10:23,Second Class
CASH,6,2,221.5099945,443.019989,Late delivery,1,66,Crafts,Caguas,Puerto Rico,XXXXXXXXX,Mara,18513,Mckenzie,XXXXXXXXX,Consumer,PR,5274 Easy Beach,725,4,Apparel,18.20392036,-66.03705597,Pacific Asia,Ganganagar,India,18513,2017-12-30T05:28:00.000+07:00,74960,1353,18.45999908,0.039999999,178275,461.480011,0.5,1,461.480011,443.019989,221.5099945,South Asia,Rajast�n,CLOSED,,1353,66,,http://images.acmesports.sports/Porcelain+crafts,Porcelain crafts,461.480011,0,1/05/2018 5:28,Second Class
CASH,5,2,23.40999985,207.1900024,Late delivery,1,76,Women's Clothing,Caguas,Puerto Rico,XXXXXXXXX,Renee,17377,Hubbard,XXXXXXXXX,Consumer,PR,5032 Sunny Barn Quay,725,4,Apparel,18.24076653,-66.0370636,Pacific Asia,Singapur,Singapur,17377,2017-12-13T15:29:00.000+07:00,73824,1363,8.630000114,0.039999999,177139,215.8200073,0.109999999,1,215.8200073,207.1900024,23.40999985,Southeast Asia,Singapur,CLOSED,,1363,76,,http://images.acmesports.sports/Summer+dresses,Summer dresses,215.8200073,0,12/18/2017 15:29,Second Class
CASH,5,2,19.63999939,196.3999939,Late delivery,1,76,Women's Clothing,Caguas,Puerto Rico,XXXXXXXXX,Teagan,17427,Lopez,XXXXXXXXX,Consumer,PR,7236 Cinder Bay,725,4,Apparel,18.28751183,-66.03705597,Pacific Asia,Adelaide,Australia,17427,2017-12-14T09:00:00.000+07:00,73874,1363,19.42000008,0.090000004,177189,215.8200073,0.100000001,1,215.8200073,196.3999939,19.63999939,Oceania,Australia del Sur,CLOSED,,1363,76,,http://images.acmesports.sports/Summer+dresses,Summer dresses,215.8200073,0,12/19/2017 9:00,Second Class
CASH,2,2,8.720000267,25.79999924,Shipping on time,0,59,Books,Caguas,Puerto Rico,XXXXXXXXX,Carol,17599,Mcleod,XXXXXXXXX,Consumer,PR,4494 Harvest Bay,725,8,Book Shop,18.21420479,-66.0370636,Pacific Asia,Wollongong,Australia,17599,2017-12-16T21:15:00.000+07:00,74046,1346,5.28000021,0.170000002,177361,31.07999992,0.340000004,1,31.07999992,25.79999924,8.720000267,Oceania,Nueva Gales del Sur,CLOSED,,1346,59,,http://images.acmesports.sports/Sports+Books,Sports Books,31.07999992,0,12/18/2017 21:15,Second Class
CASH,2,2,1.25999999,10.5,Shipping on time,0,61,CDs,Caguas,Puerto Rico,XXXXXXXXX,Charity,17849,Preston,XXXXXXXXX,Consumer,PR,7909 Golden Highway,725,9,Discs Shop,18.25031281,-66.0370636,Pacific Asia,Pek�n,China,17849,2017-12-20T12:50:00.000+07:00,74296,1348,0.790000021,0.07,177611,11.28999996,0.119999997,1,11.28999996,10.5,1.25999999,Eastern Asia,Pek�n,CLOSED,,1348,61,,http://images.acmesports.sports/CDs+of+rock,CDs of rock,11.28999996,0,12/22/2017 12:50,Second Class
CASH,5,4,690.9000244,1470.0,Late delivery,1,64,Computers,Caguas,Puerto Rico,XXXXXXXXX,Chiquita,18117,Armstrong,XXXXXXXXX,Consumer,PR,2002 Grand Hickory Line,725,10,Technology,18.22766495,-66.0370636,Pacific Asia,Sydney,Australia,18117,2017-12-24T10:44:00.000+07:00,74564,1351,30.0,0.02,177879,1500.0,0.469999999,1,1500.0,1470.0,690.9000244,Oceania,Nueva Gales del Sur,CLOSED,,1351,64,,http://images.acmesports.sports/Dell+Laptop,Dell Laptop,1500.0,0,12/29/2017 10:44,Standard Class
CASH,3,4,-36.06000137,245.2899933,Advance shipping,0,65,Consumer Electronics,Caguas,Puerto Rico,XXXXXXXXX,Kelsey,18170,Avery,XXXXXXXXX,Consumer,PR,9235 Red Crossing,725,10,Technology,18.24952889,-66.03705597,Pacific Asia,Cuttack,India,18170,2017-12-25T05:18:00.000+07:00,74617,1352,7.590000153,0.029999999,177932,252.8800049,-0.150000006,1,252.8800049,245.2899933,-36.06000137,South Asia,Odisha,CLOSED,,1352,65,,http://images.acmesports.sports/Industrial+consumer+electronics,Industrial consumer electronics,252.8800049,0,12/28/2017 5:18,Standard Class
CASH,4,4,-46.02000046,230.1199951,Shipping on time,0,65,Consumer Electronics,Caguas,Puerto Rico,XXXXXXXXX,Demetria,18201,Santiago,XXXXXXXXX,Consumer,PR,1025 Colonial Plaza,725,10,Technology,18.26404381,-66.03705597,Pacific Asia,Mumbai,India,18201,2017-12-25T16:10:00.000+07:00,74648,1352,22.76000023,0.090000004,177963,252.8800049,-0.200000003,1,252.8800049,230.1199951,-46.02000046,South Asia,Maharashtra,CLOSED,,1352,65,,http://images.acmesports.sports/Industrial+consumer+electronics,Industrial consumer electronics,252.8800049,0,12/29/2017 16:10,Standard Class
CASH,4,4,20.98999977,209.8899994,Shipping on time,0,65,Consumer Electronics,Caguas,Puerto Rico,XXXXXXXXX,Amanda,18141,Morse,XXXXXXXXX,Consumer,PR,8344 Sunny Embers Point,725,10,Technology,18.215662,-66.03704834,Pacific Asia,Wollongong,Australia,18141,2017-12-24T19:08:00.000+07:00,74588,1352,42.99000168,0.170000002,177903,252.8800049,0.100000001,1,252.8800049,209.8899994,20.98999977,Oceania,Nueva Gales del Sur,CLOSED,,1352,65,,http://images.acmesports.sports/Industrial+consumer+electronics,Industrial consumer electronics,252.8800049,0,12/28/2017 19:08,Standard Class
CASH,6,4,-320.3999939,1200.0,Late delivery,1,64,Computers,Caguas,Puerto Rico,XXXXXXXXX,Christine,18103,Emerson,XXXXXXXXX,Consumer,PR,7683 Sunny Sky Field,725,10,Technology,18.212677,-66.03704834,Pacific Asia,Wuchang,China,18103,2017-12-24T05:50:00.000+07:00,74550,1351,300.0,0.200000003,177865,1500.0,-0.270000011,1,1500.0,1200.0,-320.3999939,Eastern Asia,Heilongjiang,CLOSED,,1351,64,,http://images.acmesports.sports/Dell+Laptop,Dell Laptop,1500.0,0,12/30/2017 5:50,Standard Class
CASH,5,4,74.77999878,213.6600037,Late delivery,1,76,Women's Clothing,Caguas,Puerto Rico,XXXXXXXXX,Beatrice,17362,Nielsen,XXXXXXXXX,Consumer,PR,7814 Old Glen,725,4,Apparel,18.27795982,-66.03705597,Pacific Asia,Lahore,Pakist�n,17362,2017-12-13T10:13:00.000+07:00,73809,1363,2.160000086,0.01,177124,215.8200073,0.349999994,1,215.8200073,213.6600037,74.77999878,South Asia,Punyab,CLOSED,,1363,76,,http://images.acmesports.sports/Summer+dresses,Summer dresses,215.8200073,0,12/18/2017 10:13,Standard Class
CASH,4,4,118.2900009,349.9599915,Shipping on time,0,63,Children's Clothing,Caguas,Puerto Rico,XXXXXXXXX,Cheryl,17941,Bailey,XXXXXXXXX,Consumer,PR,9166 Golden Nectar Corner,725,4,Apparel,18.23382187,-66.03704834,Pacific Asia,Manila,Filipinas,17941,2017-12-21T21:04:00.000+07:00,74388,1350,7.139999866,0.02,177703,357.1000061,0.340000004,1,357.1000061,349.9599915,118.2900009,Southeast Asia,Capital Nacional,CLOSED,,1350,63,,http://images.acmesports.sports/Children+heaters,Children's heaters,357.1000061,0,12/25/2017 21:04,Standard Class
CASH,5,4,101.5199966,211.5,Late delivery,1,76,Women's Clothing,Caguas,Puerto Rico,XXXXXXXXX,Cara,17307,Burke,XXXXXXXXX,Consumer,PR,5888 Burning Embers Farms,725,4,Apparel,18.21033669,-66.03705597,Pacific Asia,Yakarta,Indonesia,17307,2017-12-12T14:57:00.000+07:00,73754,1363,4.320000172,0.02,177069,215.8200073,0.479999989,1,215.8200073,211.5,101.5199966,Southeast Asia,Yakarta,CLOSED,,1363,76,,http://images.acmesports.sports/Summer+dresses,Summer dresses,215.8200073,0,12/17/2017 14:57,Standard Class
CASH,6,4,124.0500031,443.019989,Late delivery,1,66,Crafts,Caguas,Puerto Rico,XXXXXXXXX,Stella,18333,Cantrell,XXXXXXXXX,Consumer,PR,5452 Jagged Green,725,4,Apparel,18.27991676,-66.03704834,Pacific Asia,Se�l,Corea del Sur,18333,2017-12-27T14:24:00.000+07:00,74780,1353,18.45999908,0.039999999,178095,461.480011,0.280000001,1,461.480011,443.019989,124.0500031,Eastern Asia,Se�l,CLOSED,,1353,66,,http://images.acmesports.sports/Porcelain+crafts,Porcelain crafts,461.480011,0,1/02/2018 14:24,Standard Class
CASH,3,4,119.6200027,443.019989,Advance shipping,0,66,Crafts,Caguas,Puerto Rico,XXXXXXXXX,Germane,18405,Bean,XXXXXXXXX,Consumer,PR,6174 Wishing Front,725,4,Apparel,18.26293182,-66.03705597,Pacific Asia,Manila,Filipinas,18405,2017-12-28T15:38:00.000+07:00,74852,1353,18.45999908,0.039999999,178167,461.480011,0.270000011,1,461.480011,443.019989,119.6200027,Southeast Asia,Capital Nacional,CLOSED,,1353,66,,http://images.acmesports.sports/Porcelain+crafts,Porcelain crafts,461.480011,0,12/31/2017 15:38,Standard Class
CASH,3,4,179.75,438.4100037,Advance shipping,0,66,Crafts,Caguas,Puerto Rico,XXXXXXXXX,Britanney,18440,Dyer,XXXXXXXXX,Consumer,PR,4840 Pleasant Vista,725,4,Apparel,18.2610302,-66.03705597,Pacific Asia,Nanchang,China,18440,2017-12-29T03:54:00.000+07:00,74887,1353,23.0699997,0.050000001,178202,461.480011,0.409999996,1,461.480011,438.4100037,179.75,Eastern Asia,Jiangxi,CLOSED,,1353,66,,http://images.acmesports.sports/Porcelain+crafts,Porcelain crafts,461.480011,0,1/01/2018 3:54,Standard Class
CASH,2,4,-50.99000168,203.9499969,Advance shipping,0,76,Women's Clothing,Caguas,Puerto Rico,XXXXXXXXX,Lara,17339,Huff,XXXXXXXXX,Consumer,PR,4900 Colonial Beacon Village,725,4,Apparel,18.2569809,-66.03704834,Pacific Asia,Wuhan,China,17339,2017-12-13T02:10:00.000+07:00,73786,1363,11.86999989,0.059999999,177101,215.8200073,-0.25,1,215.8200073,203.9499969,-50.99000168,Eastern Asia,Hubei,CLOSED,,1363,76,,http://images.acmesports.sports/Summer+dresses,Summer dresses,215.8200073,0,12/15/2017 2:10,Standard Class
CASH,3,4,-163.5399933,436.1000061,Advance shipping,0,66,Crafts,Caguas,Puerto Rico,XXXXXXXXX,Sage,18295,Goodman,XXXXXXXXX,Consumer,PR,8666 Quiet Pointe,725,4,Apparel,18.21073723,-66.03704834,Pacific Asia,Depok,Indonesia,18295,2017-12-27T01:06:00.000+07:00,74742,1353,25.37999916,0.059999999,178057,461.480011,-0.379999995,1,461.480011,436.1000061,-163.5399933,Southeast Asia,Java Occidental,CLOSED,,1353,66,,http://images.acmesports.sports/Porcelain+crafts,Porcelain crafts,461.480011,0,12/30/2017 1:06,Standard Class
CASH,2,4,-22.68000031,200.7100067,Advance shipping,0,76,Women's Clothing,Caguas,Puerto Rico,XXXXXXXXX,Cherokee,17374,Aguilar,XXXXXXXXX,Consumer,PR,1269 Rocky Brook Hollow,725,4,Apparel,18.28798676,-66.03705597,Pacific Asia,Shangh�i,China,17374,2017-12-13T14:26:00.000+07:00,73821,1363,15.10999966,0.07,177136,215.8200073,-0.109999999,1,215.8200073,200.7100067,-22.68000031,Eastern Asia,Shangh�i,CLOSED,,1363,76,,http://images.acmesports.sports/Summer+dresses,Summer dresses,215.8200073,0,12/15/2017 14:26,Standard Class
CASH,4,4,103.9499969,332.1000061,Shipping on time,0,63,Children's Clothing,Caguas,Puerto Rico,XXXXXXXXX,Piper,18026,Sykes,XXXXXXXXX,Consumer,PR,3392 Hazy Point,725,4,Apparel,18.23110771,-66.0370636,Pacific Asia,Ho Chi Minh City,Vietnam,18026,2017-12-23T02:51:00.000+07:00,74473,1350,25.0,0.07,177788,357.1000061,0.310000002,1,357.1000061,332.1000061,103.9499969,Southeast Asia,Ciudad Ho Chi Minh,CLOSED,,1350,63,,http://images.acmesports.sports/Children+heaters,Children's heaters,357.1000061,0,12/27/2017 2:51,Standard Class
CASH,5,4,203.5099945,415.3299866,Late delivery,1,66,Crafts,Caguas,Puerto Rico,XXXXXXXXX,Jena,18472,Holland,XXXXXXXXX,Consumer,PR,6630 Umber Dale View,725,4,Apparel,18.21741486,-66.03705597,Pacific Asia,Sydney,Australia,18472,2017-12-29T15:06:00.000+07:00,74919,1353,46.15000153,0.100000001,178234,461.480011,0.49000001,1,461.480011,415.3299866,203.5099945,Oceania,Nueva Gales del Sur,CLOSED,,1353,66,,http://images.acmesports.sports/Porcelain+crafts,Porcelain crafts,461.480011,0,1/03/2018 15:06,Standard Class
CASH,2,4,154.2700043,321.3900146,Advance shipping,0,63,Children's Clothing,Caguas,Puerto Rico,XXXXXXXXX,Charde,18024,Hutchinson,XXXXXXXXX,Consumer,PR,7868 Shady Log Island,725,4,Apparel,18.23696709,-66.03705597,Pacific Asia,Manila,Filipinas,18024,2017-12-23T02:09:00.000+07:00,74471,1350,35.70999908,0.100000001,177786,357.1000061,0.479999989,1,357.1000061,321.3900146,154.2700043,Southeast Asia,Capital Nacional,CLOSED,,1350,63,,http://images.acmesports.sports/Children+heaters,Children's heaters,357.1000061,0,12/25/2017 2:09,Standard Class
CASH,6,4,-139.0500031,181.2899933,Late delivery,1,76,Women's Clothing,Caguas,Puerto Rico,XXXXXXXXX,Ina,17278,Mayo,XXXXXXXXX,Consumer,PR,6081 Stony Arbor,725,4,Apparel,18.2918663,-66.03704834,Pacific Asia,Shenzhen,China,17278,2017-12-12T04:48:00.000+07:00,73725,1363,34.52999878,0.159999996,177040,215.8200073,-0.769999981,1,215.8200073,181.2899933,-139.0500031,Eastern Asia,Guangdong,CLOSED,,1363,76,,http://images.acmesports.sports/Summer+dresses,Summer dresses,215.8200073,0,12/18/2017 4:48,Standard Class
CASH,5,4,8.529999733,30.45999908,Late delivery,1,59,Books,Caguas,Puerto Rico,XXXXXXXXX,Aubrey,17557,Berg,XXXXXXXXX,Consumer,PR,1159 Silver Robin Falls,725,8,Book Shop,18.27016258,-66.03704834,Pacific Asia,Gold Coast,Australia,17557,2017-12-16T06:32:00.000+07:00,74004,1346,0.620000005,0.02,177319,31.07999992,0.280000001,1,31.07999992,30.45999908,8.529999733,Oceania,Queensland,CLOSED,,1346,59,,http://images.acmesports.sports/Sports+Books,Sports Books,31.07999992,0,12/21/2017 6:32,Standard Class
CASH,2,4,9.140000343,27.04000092,Advance shipping,0,59,Books,Caguas,Puerto Rico,XXXXXXXXX,Calista,17584,Gilliam,XXXXXXXXX,Consumer,PR,9615 Misty Grove,725,8,Book Shop,18.28382301,-66.0370636,Pacific Asia,Ube,Jap�n,17584,2017-12-16T16:00:00.000+07:00,74031,1346,4.039999962,0.129999995,177346,31.07999992,0.340000004,1,31.07999992,27.04000092,9.140000343,Eastern Asia,Yamaguchi,CLOSED,,1346,59,,http://images.acmesports.sports/Sports+Books,Sports Books,31.07999992,0,12/18/2017 16:00,Standard Class
CASH,3,4,0.790000021,26.42000008,Advance shipping,0,59,Books,Caguas,Puerto Rico,XXXXXXXXX,Britanni,17565,Landry,XXXXXXXXX,Consumer,PR,3881 Golden Corners,725,8,Book Shop,18.24289703,-66.0370636,Pacific Asia,Weifang,China,17565,2017-12-16T09:21:00.000+07:00,74012,1346,4.659999847,0.150000006,177327,31.07999992,0.029999999,1,31.07999992,26.42000008,0.790000021,Eastern Asia,Shandong,CLOSED,,1346,59,,http://images.acmesports.sports/Sports+Books,Sports Books,31.07999992,0,12/19/2017 9:21,Standard Class
CASH,2,4,50.93999863,162.7400055,Advance shipping,0,67,DVDs,Caguas,Puerto Rico,XXXXXXXXX,Dacey,18539,Roman,XXXXXXXXX,Consumer,PR,8172 Quaking Bluff Diversion,725,9,Discs Shop,18.24557304,-66.0370636,Pacific Asia,Samarinda,Indonesia,18539,2017-12-30T14:35:00.000+07:00,74986,1354,1.639999986,0.01,178301,164.3800049,0.310000002,1,164.3800049,162.7400055,50.93999863,Southeast Asia,Kalimantan Oriental,CLOSED,,1354,67,,http://images.acmesports.sports/DVDs,DVDs,164.3800049,0,1/01/2018 14:35,Standard Class
CASH,5,4,2.180000067,34.58000183,Late delivery,1,75,Video Games,Caguas,Puerto Rico,XXXXXXXXX,Jenna,17072,Brock,XXXXXXXXX,Consumer,PR,8492 Easy Alley,725,9,Discs Shop,18.26740265,-66.03705597,Pacific Asia,Warrnambool,Australia,17072,2017-12-09T04:37:00.000+07:00,73519,1362,5.170000076,0.129999995,176834,39.75,0.059999999,1,39.75,34.58000183,2.180000067,Oceania,Victoria,CLOSED,,1362,75,,http://images.acmesports.sports/Fighting+video+games,Fighting video games,39.75,0,12/14/2017 4:37,Standard Class
CASH,5,4,38.65999985,138.0800018,Late delivery,1,67,DVDs,Caguas,Puerto Rico,XXXXXXXXX,Callie,18617,Gallegos,XXXXXXXXX,Consumer,PR,5364 Indian Gate Highway,725,9,Discs Shop,18.28798294,-66.0370636,Pacific Asia,Traralgon,Australia,18617,2017-12-31T17:54:00.000+07:00,75064,1354,26.29999924,0.159999996,178379,164.3800049,0.280000001,1,164.3800049,138.0800018,38.65999985,Oceania,Victoria,CLOSED,,1354,67,,http://images.acmesports.sports/DVDs,DVDs,164.3800049,0,1/05/2018 17:54,Standard Class
CASH,6,4,43.81000137,134.7899933,Late delivery,1,67,DVDs,Caguas,Puerto Rico,XXXXXXXXX,Audra,18543,Long,XXXXXXXXX,Consumer,PR,2175 Hazy Deer Valley,725,9,Discs Shop,18.21356583,-66.0370636,Pacific Asia,Manila,Filipinas,18543,2017-12-30T15:59:00.000+07:00,74990,1354,29.59000015,0.180000007,178305,164.3800049,0.330000013,1,164.3800049,134.7899933,43.81000137,Southeast Asia,Capital Nacional,CLOSED,,1354,67,,http://images.acmesports.sports/DVDs,DVDs,164.3800049,0,1/05/2018 15:59,Standard Class
DEBIT,2,1,104.6900024,227.5899963,Late delivery,1,65,Consumer Electronics,Caguas,Puerto Rico,XXXXXXXXX,Victoria,18164,Underwood,XXXXXXXXX,Consumer,PR,2571 Noble Crescent,725,10,Technology,18.2599659,-66.03705597,Pacific Asia,Mianyang,China,18164,2017-12-25T03:12:00.000+07:00,74611,1352,25.29000092,0.100000001,177926,252.8800049,0.460000008,1,252.8800049,227.5899963,104.6900024,Eastern Asia,Sichuan,COMPLETE,,1352,65,,http://images.acmesports.sports/Industrial+consumer+electronics,Industrial consumer electronics,252.8800049,0,12/27/2017 3:12,First Class
DEBIT,2,1,77.0,220.0099945,Late delivery,1,65,Consumer Electronics,Caguas,Puerto Rico,XXXXXXXXX,Xandra,18180,Wilcox,XXXXXXXXX,Consumer,PR,414 Colonial Carrefour,725,10,Technology,18.2480278,-66.03705597,Pacific Asia,Yakarta,Indonesia,18180,2017-12-25T08:48:00.000+07:00,74627,1352,32.86999893,0.129999995,177942,252.8800049,0.349999994,1,252.8800049,220.0099945,77.0,Southeast Asia,Yakarta,COMPLETE,,1352,65,,http://images.acmesports.sports/Industrial+consumer+electronics,Industrial consumer electronics,252.8800049,0,12/27/2017 8:48,First Class
DEBIT,2,1,143.0,456.8699951,Late delivery,1,66,Crafts,Caguas,Puerto Rico,XXXXXXXXX,Lillith,18444,Osborn,XXXXXXXXX,Consumer,PR,2355 Velvet Hickory Crest,725,4,Apparel,18.27374458,-66.03705597,Pacific Asia,Bengbu,China,18444,2017-12-29T05:18:00.000+07:00,74891,1353,4.610000134,0.01,178206,461.480011,0.310000002,1,461.480011,456.8699951,143.0,Eastern Asia,Anhui,COMPLETE,,1353,66,,http://images.acmesports.sports/Porcelain+crafts,Porcelain crafts,461.480011,0,12/31/2017 5:18,First Class
DEBIT,2,1,-74.47000122,456.8699951,Late delivery,1,66,Crafts,Rio Grande,Puerto Rico,XXXXXXXXX,Quon,18372,Rivers,XXXXXXXXX,Consumer,PR,1384 Thunder Apple Manor,745,4,Apparel,18.38014031,-65.83062744,Pacific Asia,Hyderabad,Pakist�n,18372,2017-12-28T04:04:00.000+07:00,74819,1353,4.610000134,0.01,178134,461.480011,-0.159999996,1,461.480011,456.8699951,-74.47000122,South Asia,Sind,COMPLETE,,1353,66,,http://images.acmesports.sports/Porcelain+crafts,Porcelain crafts,461.480011,0,12/30/2017 4:04,First Class
DEBIT,2,1,99.41999817,342.8200073,Late delivery,1,63,Children's Clothing,Caguas,Puerto Rico,XXXXXXXXX,Amanda,17957,Fulton,XXXXXXXXX,Consumer,PR,3977 Colonial Towers,725,4,Apparel,18.26483917,-66.03704834,Pacific Asia,Goulburn,Australia,17957,2017-12-22T02:41:00.000+07:00,74404,1350,14.27999973,0.039999999,177719,357.1000061,0.289999992,1,357.1000061,342.8200073,99.41999817,Oceania,Nueva Gales del Sur,COMPLETE,,1350,63,,http://images.acmesports.sports/Children+heaters,Children's heaters,357.1000061,0,12/24/2017 2:41,First Class
DEBIT,2,1,96.36000061,205.0299988,Late delivery,1,76,Women's Clothing,Caguas,Puerto Rico,XXXXXXXXX,Cora,17268,Sweet,XXXXXXXXX,Consumer,PR,5292 Shady Pony Cape,725,4,Apparel,18.22311211,-66.03705597,Pacific Asia,Zhuhai,China,17268,2017-12-12T01:17:00.000+07:00,73715,1363,10.78999996,0.050000001,177030,215.8200073,0.469999999,1,215.8200073,205.0299988,96.36000061,Eastern Asia,Guangdong,COMPLETE,,1363,76,,http://images.acmesports.sports/Summer+dresses,Summer dresses,215.8200073,0,12/14/2017 1:17,First Class
DEBIT,2,1,180.5800018,419.9500122,Late delivery,1,66,Crafts,Caguas,Puerto Rico,XXXXXXXXX,Samantha,18311,Joyce,XXXXXXXXX,Consumer,PR,5913 Umber Orchard,725,4,Apparel,18.29248619,-66.03705597,Pacific Asia,Binjai,Indonesia,18311,2017-12-27T06:42:00.000+07:00,74758,1353,41.52999878,0.090000004,178073,461.480011,0.430000007,1,461.480011,419.9500122,180.5800018,Southeast Asia,Sumatra Septentrional,COMPLETE,,1353,66,,http://images.acmesports.sports/Porcelain+crafts,Porcelain crafts,461.480011,0,12/29/2017 6:42,First Class
DEBIT,2,1,21.23999977,176.9700012,Late delivery,1,76,Women's Clothing,Caguas,Puerto Rico,XXXXXXXXX,Danielle,17384,Rodriguez,XXXXXXXXX,Consumer,PR,9539 Old Diversion,725,4,Apparel,18.23225975,-66.03705597,Pacific Asia,Yangzhou,China,17384,2017-12-13T17:56:00.000+07:00,73831,1363,38.84999847,0.180000007,177146,215.8200073,0.119999997,1,215.8200073,176.9700012,21.23999977,Eastern Asia,Jiangsu,COMPLETE,,1363,76,,http://images.acmesports.sports/Summer+dresses,Summer dresses,215.8200073,0,12/15/2017 17:56,First Class
DEBIT,2,1,15.51000023,44.31000137,Late delivery,1,60,Baby,Caguas,Puerto Rico,XXXXXXXXX,Ayanna,17723,Golden,XXXXXXXXX,Consumer,PR,7106 Silent Anchor Promenade,725,4,Apparel,18.29185677,-66.03705597,Pacific Asia,Jilin,China,17723,2017-12-18T16:42:00.000+07:00,74170,1347,14.77000046,0.25,177485,59.08000183,0.349999994,1,59.08000183,44.31000137,15.51000023,Eastern Asia,Jilin,COMPLETE,,1347,60,,http://images.acmesports.sports/Baby+sweater,Baby sweater,59.08000183,0,12/20/2017 16:42,First Class
DEBIT,2,1,27.03000069,161.8699951,Late delivery,1,76,Women's Clothing,Caguas,Puerto Rico,XXXXXXXXX,Beverly,17382,Simpson,XXXXXXXXX,Consumer,PR,245 Green Range,725,4,Apparel,18.24865151,-66.03705597,Pacific Asia,Yangzhou,China,17382,2017-12-13T17:14:00.000+07:00,73829,1363,53.95999908,0.25,177144,215.8200073,0.170000002,1,215.8200073,161.8699951,27.03000069,Eastern Asia,Jiangsu,COMPLETE,,1363,76,,http://images.acmesports.sports/Summer+dresses,Summer dresses,215.8200073,0,12/15/2017 17:14,First Class
DEBIT,2,1,40.47000122,161.8699951,Late delivery,1,76,Women's Clothing,Caguas,Puerto Rico,XXXXXXXXX,Alma,17436,Hurley,XXXXXXXXX,Consumer,PR,3594 Thunder Zephyr Bank,725,4,Apparel,18.24105072,-66.0370636,Pacific Asia,Manila,Filipinas,17436,2017-12-14T12:09:00.000+07:00,73883,1363,53.95999908,0.25,177198,215.8200073,0.25,1,215.8200073,161.8699951,40.47000122,Southeast Asia,Capital Nacional,COMPLETE,,1363,76,,http://images.acmesports.sports/Summer+dresses,Summer dresses,215.8200073,0,12/16/2017 12:09,First Class
DEBIT,2,1,1.370000005,10.94999981,Late delivery,1,61,CDs,Caguas,Puerto Rico,XXXXXXXXX,Lydia,17871,Knowles,XXXXXXXXX,Consumer,PR,2056 Misty Manor,725,9,Discs Shop,18.28778458,-66.03704834,Pacific Asia,Chengdu,China,17871,2017-12-20T20:33:00.000+07:00,74318,1348,0.340000004,0.029999999,177633,11.28999996,0.129999995,1,11.28999996,10.94999981,1.370000005,Eastern Asia,Sichuan,COMPLETE,,1348,61,,http://images.acmesports.sports/CDs+of+rock,CDs of rock,11.28999996,0,12/22/2017 20:33,First Class
DEBIT,2,1,10.52000046,37.56000137,Late delivery,1,75,Video Games,Caguas,Puerto Rico,XXXXXXXXX,Ainsley,17041,Thomas,XXXXXXXXX,Consumer,PR,1607 Noble Prairie Place,725,9,Discs Shop,18.28475571,-66.0370636,Pacific Asia,Melbourne,Australia,17041,2017-12-08T17:46:00.000+07:00,73488,1362,2.190000057,0.059999999,176803,39.75,0.280000001,1,39.75,37.56000137,10.52000046,Oceania,Victoria,COMPLETE,,1362,75,,http://images.acmesports.sports/Fighting+video+games,Fighting video games,39.75,0,12/10/2017 17:46,First Class
DEBIT,2,1,0.0,10.5,Late delivery,1,61,CDs,Carolina,Puerto Rico,XXXXXXXXX,Brees,17885,Franco,XXXXXXXXX,Consumer,PR,5292 Misty Goose Street,983,9,Discs Shop,18.40143013,-65.97364807,Pacific Asia,Visakhapatnam,India,17885,2017-12-21T01:27:00.000+07:00,74332,1348,0.790000021,0.07,177647,11.28999996,0.0,1,11.28999996,10.5,0.0,South Asia,Andhra Pradesh,COMPLETE,,1348,61,,http://images.acmesports.sports/CDs+of+rock,CDs of rock,11.28999996,0,12/23/2017 1:27,First Class
DEBIT,2,1,-1.440000057,33.38999939,Late delivery,1,75,Video Games,Caguas,Puerto Rico,XXXXXXXXX,Brianna,17178,Baker,XXXXXXXXX,Consumer,PR,8171 Iron Glade,725,9,Discs Shop,18.23905945,-66.03704834,Pacific Asia,Licheng,China,17178,2017-12-10T17:46:00.000+07:00,73625,1362,6.360000134,0.159999996,176940,39.75,-0.039999999,1,39.75,33.38999939,-1.440000057,Eastern Asia,Jiangsu,COMPLETE,,1362,75,,http://images.acmesports.sports/Fighting+video+games,Fighting video games,39.75,0,12/12/2017 17:46,First Class
DEBIT,2,1,29.28000069,292.8200073,Late delivery,1,63,Children's Clothing,Caguas,Puerto Rico,XXXXXXXXX,Ayanna,17982,Hodges,XXXXXXXXX,Consumer,PR,3684 Foggy Horse Key,725,4,Apparel,18.24475098,-66.0370636,Pacific Asia,Singapur,Singapur,17982,2017-12-22T11:26:00.000+07:00,74429,1350,64.27999878,0.180000007,177744,357.1000061,0.100000001,1,357.1000061,292.8200073,29.28000069,Southeast Asia,Singapur,ON_HOLD,,1350,63,,http://images.acmesports.sports/Children+heaters,Children's heaters,357.1000061,0,12/24/2017 11:26,First Class
DEBIT,1,0,85.47000122,252.8800049,Late delivery,1,65,Consumer Electronics,Caguas,Puerto Rico,XXXXXXXXX,Zelda,18263,Burch,XXXXXXXXX,Consumer,PR,1040 Shady Horse Limits,725,10,Technology,18.28709221,-66.0370636,Pacific Asia,Albury,Australia,18263,2017-12-26T13:53:00.000+07:00,74710,1352,0.0,0.0,178025,252.8800049,0.340000004,1,252.8800049,252.8800049,85.47000122,Oceania,Nueva Gales del Sur,COMPLETE,,1352,65,,http://images.acmesports.sports/Industrial+consumer+electronics,Industrial consumer electronics,252.8800049,0,12/27/2017 1:53,Same Day
DEBIT,1,0,25.97999954,346.3900146,Late delivery,1,63,Children's Clothing,Caguas,Puerto Rico,XXXXXXXXX,Camilla,18012,Nixon,XXXXXXXXX,Consumer,PR,1112 Sunny Pond Wood,725,4,Apparel,18.20211601,-66.0370636,Pacific Asia,Ho Chi Minh City,Vietnam,18012,2017-12-22T21:57:00.000+07:00,74459,1350,10.71000004,0.029999999,177774,357.1000061,0.079999998,1,357.1000061,346.3900146,25.97999954,Southeast Asia,Ciudad Ho Chi Minh,COMPLETE,,1350,63,,http://images.acmesports.sports/Children+heaters,Children's heaters,357.1000061,0,12/23/2017 9:57,Same Day
DEBIT,1,0,-120.7900009,51.40000153,Late delivery,1,60,Baby,Caguas,Puerto Rico,XXXXXXXXX,Audrey,17657,Gonzales,XXXXXXXXX,Consumer,PR,1952 Noble Ramp,725,4,Apparel,18.24373627,-66.0370636,Pacific Asia,Perth,Australia,17657,2017-12-17T17:34:00.000+07:00,74104,1347,7.679999828,0.129999995,177419,59.08000183,-2.349999905,1,59.08000183,51.40000153,-120.7900009,Oceania,Australia Occidental,COMPLETE,,1347,60,,http://images.acmesports.sports/Baby+sweater,Baby sweater,59.08000183,0,12/18/2017 5:34,Same Day
DEBIT,1,0,15.42000008,51.40000153,Late delivery,1,60,Baby,Caguas,Puerto Rico,XXXXXXXXX,Aubrey,17675,Larson,XXXXXXXXX,Consumer,PR,4105 Fallen Goose Port,725,4,Apparel,18.23648834,-66.03705597,Pacific Asia,Hyderabad,India,17675,2017-12-17T23:53:00.000+07:00,74122,1347,7.679999828,0.129999995,177437,59.08000183,0.300000012,1,59.08000183,51.40000153,15.42000008,South Asia,Telangana,COMPLETE,,1347,60,,http://images.acmesports.sports/Baby+sweater,Baby sweater,59.08000183,0,12/18/2017 11:53,Same Day
DEBIT,1,0,3.670000076,183.4499969,Late delivery,1,76,Women's Clothing,Caguas,Puerto Rico,XXXXXXXXX,Alyssa,17315,Warren,XXXXXXXXX,Consumer,PR,9518 Old Corner,725,4,Apparel,18.27422524,-66.03705597,Pacific Asia,Gorakhpur,India,17315,2017-12-12T17:45:00.000+07:00,73762,1363,32.36999893,0.150000006,177077,215.8200073,0.02,1,215.8200073,183.4499969,3.670000076,South Asia,Uttar Pradesh,COMPLETE,,1363,76,,http://images.acmesports.sports/Summer+dresses,Summer dresses,215.8200073,0,12/13/2017 5:45,Same Day
DEBIT,1,0,8.270000458,26.42000008,Late delivery,1,59,Books,Caguas,Puerto Rico,XXXXXXXXX,Lynn,17529,Diaz,XXXXXXXXX,Consumer,PR,9736 Emerald Goose Highlands,725,8,Book Shop,18.20035934,-66.0370636,Pacific Asia,Bijapur,India,17529,2017-12-15T20:44:00.000+07:00,73976,1346,4.659999847,0.150000006,177291,31.07999992,0.310000002,1,31.07999992,26.42000008,8.270000458,South Asia,Karnataka,COMPLETE,,1346,59,,http://images.acmesports.sports/Sports+Books,Sports Books,31.07999992,0,12/16/2017 8:44,Same Day
PAYMENT,6,2,61.45000076,227.5899963,Late delivery,1,65,Consumer Electronics,Caguas,Puerto Rico,XXXXXXXXX,Sage,18218,Kane,XXXXXXXXX,Home Office,PR,9276 Jagged Towers,725,10,Technology,18.2453289,-66.0370636,Pacific Asia,Manila,Filipinas,18218,2017-12-25T22:07:00.000+07:00,74665,1352,25.29000092,0.100000001,177980,252.8800049,0.270000011,1,252.8800049,227.5899963,61.45000076,Southeast Asia,Capital Nacional,PAYMENT_REVIEW,,1352,65,,http://images.acmesports.sports/Industrial+consumer+electronics,Industrial consumer electronics,252.8800049,0,12/31/2017 22:07,Second Class
PAYMENT,2,2,208.3000031,433.9599915,Shipping on time,0,62,Cameras,Caguas,Puerto Rico,XXXXXXXXX,Kay,17894,Barr,XXXXXXXXX,Home Office,PR,1836 Cozy View Orchard,725,10,Technology,18.20105743,-66.03704834,Pacific Asia,Queanbeyan,Australia,17894,2017-12-21T04:36:00.000+07:00,74341,1349,18.07999992,0.039999999,177656,452.0400085,0.479999989,1,452.0400085,433.9599915,208.3000031,Oceania,Nueva Gales del Sur,PENDING_PAYMENT,,1349,62,,http://images.acmesports.sports/Web+Camera,Web Camera,452.0400085,0,12/23/2017 4:36,Second Class
PAYMENT,6,2,60.70999908,209.3500061,Late delivery,1,76,Women's Clothing,Caguas,Puerto Rico,XXXXXXXXX,Mercedes,17288,Bowen,XXXXXXXXX,Home Office,PR,6801 Burning Hickory Promenade,725,4,Apparel,18.27703095,-66.03704834,Pacific Asia,Tieling,China,17288,2017-12-12T08:18:00.000+07:00,73735,1363,6.46999979,0.029999999,177050,215.8200073,0.289999992,1,215.8200073,209.3500061,60.70999908,Eastern Asia,Liaoning,PENDING_PAYMENT,,1363,76,,http://images.acmesports.sports/Summer+dresses,Summer dresses,215.8200073,0,12/18/2017 8:18,Second Class
PAYMENT,3,2,-45.88999939,203.9499969,Late delivery,1,76,Women's Clothing,Caguas,Puerto Rico,XXXXXXXXX,Vivian,17465,Clements,XXXXXXXXX,Home Office,PR,690 Cozy Meadow,725,4,Apparel,18.29422569,-66.03705597,Pacific Asia,Toowoomba,Australia,17465,2017-12-14T22:18:00.000+07:00,73912,1363,11.86999989,0.059999999,177227,215.8200073,-0.230000004,1,215.8200073,203.9499969,-45.88999939,Oceania,Queensland,PENDING_PAYMENT,,1363,76,,http://images.acmesports.sports/Summer+dresses,Summer dresses,215.8200073,0,12/17/2017 22:18,Second Class
PAYMENT,5,2,9.460000038,378.4100037,Late delivery,1,66,Crafts,Caguas,Puerto Rico,XXXXXXXXX,Ursa,18412,Lowe,XXXXXXXXX,Home Office,PR,1050 Sunny River Line,725,4,Apparel,18.2220211,-66.03705597,Pacific Asia,Xichang,China,18412,2017-12-28T18:05:00.000+07:00,74859,1353,83.0699997,0.180000007,178174,461.480011,0.029999999,1,461.480011,378.4100037,9.460000038,Eastern Asia,Sichuan,PENDING_PAYMENT,,1353,66,,http://images.acmesports.sports/Porcelain+crafts,Porcelain crafts,461.480011,0,1/02/2018 18:05,Second Class
PAYMENT,4,2,10.02000046,38.56000137,Late delivery,1,75,Video Games,Caguas,Puerto Rico,XXXXXXXXX,Alexa,17206,Atkinson,XXXXXXXXX,Home Office,PR,6470 Dusty Fox Green,725,9,Discs Shop,18.26151848,-66.03704834,Pacific Asia,Rang�n,Myanmar (Birmania),17206,2017-12-11T03:34:00.000+07:00,73653,1362,1.190000057,0.029999999,176968,39.75,0.25999999,1,39.75,38.56000137,10.02000046,Southeast Asia,Rang�n,PENDING_PAYMENT,,1362,75,,http://images.acmesports.sports/Fighting+video+games,Fighting video games,39.75,0,12/15/2017 3:34,Second Class
PAYMENT,4,2,44.88000107,149.5899963,Late delivery,1,67,DVDs,Caguas,Puerto Rico,XXXXXXXXX,Diana,18586,Tran,XXXXXXXXX,Home Office,PR,1802 Broad Carrefour,725,9,Discs Shop,18.27526093,-66.03705597,Pacific Asia,Kuala Lumpur,Malasia,18586,2017-12-31T07:03:00.000+07:00,75033,1354,14.78999996,0.090000004,178348,164.3800049,0.300000012,1,164.3800049,149.5899963,44.88000107,Southeast Asia,Kuala Lumpur,PENDING_PAYMENT,,1354,67,,http://images.acmesports.sports/DVDs,DVDs,164.3800049,0,1/04/2018 7:03,Second Class
PAYMENT,2,2,64.69999695,134.7899933,Shipping on time,0,67,DVDs,Caguas,Puerto Rico,XXXXXXXXX,Yuri,18579,Smith,XXXXXXXXX,Home Office,PR,2248 Heather Mews,725,9,Discs Shop,18.24048233,-66.0370636,Pacific Asia,Tokio,Jap�n,18579,2017-12-31T04:35:00.000+07:00,75026,1354,29.59000015,0.180000007,178341,164.3800049,0.479999989,1,164.3800049,134.7899933,64.69999695,Eastern Asia,Tokio,PENDING_PAYMENT,,1354,67,,http://images.acmesports.sports/DVDs,DVDs,164.3800049,0,1/02/2018 4:35,Second Class
